Sentence #,Token_id,Word,Tag,Sentiment,Relation
Sentence: 2,1,Om,O,-,-
Sentence: 2,2,plaats,O,-,-
Sentence: 2,3,te,O,-,-
Sentence: 2,4,maken,O,-,-
Sentence: 2,5,voor,O,-,-
Sentence: 2,6,windmolens,O,-,-
Sentence: 2,7,wil,B-expression,pos,-
Sentence: 2,8,het,B-holder,-,7
Sentence: 2,9,kabinet,I-holder,-,7
Sentence: 2,10,Noordzeevissers,B-target,-,7
Sentence: 2,11,die,I-target,-,7
Sentence: 2,12,bereid,I-target,-,7
Sentence: 2,13,zijn,I-target,-,7
Sentence: 2,14,te,I-target,-,7
Sentence: 2,15,stoppen,I-target,-,7
Sentence: 2,16,",",I-target,-,7
Sentence: 2,17,uitkopen,I-target,-,7
Sentence: 2,18,.,O,-,-
Sentence: 3,1,ABP,B-holder,-,2
Sentence: 3,2,stelt,B-expression,neg,-
Sentence: 3,3,zichzelf,I-expression,neg,-
Sentence: 3,4,als,I-expression,neg,-
Sentence: 3,5,doel,I-expression,neg,-
Sentence: 3,6,om,I-expression,neg,-
Sentence: 3,7,in,I-expression,neg,-
Sentence: 3,8,2025,I-expression,neg,-
Sentence: 3,9,de,B-target,-,2
Sentence: 3,10,CO2,I-target,-,2
Sentence: 3,11,uitstoot,I-target,-,2
Sentence: 3,12,van,I-target,-,2
Sentence: 3,13,de,I-target,-,2
Sentence: 3,14,aandelenportefeuille,I-target,-,2
Sentence: 3,15,met,I-expression,neg,-
Sentence: 3,16,40,I-expression,neg,-
Sentence: 3,17,procent,I-expression,neg,-
Sentence: 3,18,terug,I-expression,neg,-
Sentence: 3,19,te,I-expression,neg,-
Sentence: 3,20,brengen,I-expression,neg,-
Sentence: 3,21,ten,O,-,-
Sentence: 3,22,opzichte,O,-,-
Sentence: 3,23,van,O,-,-
Sentence: 3,24,2015,O,-,-
Sentence: 3,25,.,O,-,-
Sentence: 4,1,Daarin,O,-,-
Sentence: 4,2,wil,B-expression,pos,-
Sentence: 4,3,de,B-holder,-,2
Sentence: 4,4,gemeente,I-holder,-,2
Sentence: 4,5,bijvoorbeeld,O,-,-
Sentence: 4,6,de,B-target,-,2
Sentence: 4,7,omvang,I-target,-,2
Sentence: 4,8,van,I-target,-,2
Sentence: 4,9,zonneparken,I-target,-,2
Sentence: 4,10,en,I-target,-,2
Sentence: 4,11,de,I-target,-,2
Sentence: 4,12,hoogte,I-target,-,2
Sentence: 4,13,van,I-target,-,2
Sentence: 4,14,windmolens,I-target,-,2
Sentence: 4,15,vaststellen,I-target,-,2
Sentence: 4,16,.,O,-,-
Sentence: 5,1,DJW,B-holder,-,2
Sentence: 5,2,wil,B-expression,pos,-
Sentence: 5,3,ook,O,-,-
Sentence: 5,4,onderzoek,B-target,-,2
Sentence: 5,5,van,I-target,-,2
Sentence: 5,6,andere,I-target,-,2
Sentence: 5,7,manieren,I-target,-,2
Sentence: 5,8,om,I-target,-,2
Sentence: 5,9,duurzame,I-target,-,2
Sentence: 5,10,energie,I-target,-,2
Sentence: 5,11,op,I-target,-,2
Sentence: 5,12,te,I-target,-,2
Sentence: 5,13,wekken,I-target,-,2
Sentence: 5,14,",",O,-,-
Sentence: 5,15,zoals,O,-,-
Sentence: 5,16,geothermie,O,-,-
Sentence: 5,17,.,O,-,-
Sentence: 6,1,Het,B-expression,pos,-
Sentence: 6,2,liefst,I-expression,pos,-
Sentence: 6,3,zou,O,-,-
Sentence: 6,4,Van,B-holder,-,1
Sentence: 6,5,Hoeken,I-holder,-,1
Sentence: 6,6,de,B-target,-,1
Sentence: 6,7,zonneparken,I-target,-,1
Sentence: 6,8,laten,I-target,-,1
Sentence: 6,9,drijven,I-target,-,1
Sentence: 6,10,tussen,I-target,-,1
Sentence: 6,11,de,I-target,-,1
Sentence: 6,12,windmolens,I-target,-,1
Sentence: 6,13,op,I-target,-,1
Sentence: 6,14,zee,I-target,-,1
Sentence: 6,15,.,O,-,-
Sentence: 7,1,Het,B-holder,-,4
Sentence: 7,2,bedrijf,I-holder,-,4
Sentence: 7,3,Powerfield,I-holder,-,4
Sentence: 7,4,wil,B-expression,pos,-
Sentence: 7,5,het,B-target,-,4
Sentence: 7,6,zonnepark,I-target,-,4
Sentence: 7,7,neerzetten,I-target,-,4
Sentence: 7,8,in,I-target,-,4
Sentence: 7,9,een,I-target,-,4
Sentence: 7,10,weiland,I-target,-,4
Sentence: 7,11,ten,I-target,-,4
Sentence: 7,12,noorden,I-target,-,4
Sentence: 7,13,van,I-target,-,4
Sentence: 7,14,de,I-target,-,4
Sentence: 7,15,Veneweg,I-target,-,4
Sentence: 7,16,",",O,-,-
Sentence: 7,17,ter,O,-,-
Sentence: 7,18,hoogte,O,-,-
Sentence: 7,19,van,O,-,-
Sentence: 7,20,de,O,-,-
Sentence: 7,21,Brugjesgracht,O,-,-
Sentence: 7,22,.,O,-,-
Sentence: 8,1,Zo,O,-,-
Sentence: 8,2,hebben,B-expression,pos,-
Sentence: 8,3,wij,B-holder,-,2
Sentence: 8,4,een,I-expression,pos,-
Sentence: 8,5,Nederlands,I-expression,pos,-
Sentence: 8,6,transitiefonds,I-expression,pos,-
Sentence: 8,7,opgezet,I-expression,pos,-
Sentence: 8,8,dat,I-expression,pos,-
Sentence: 8,9,investeert,I-expression,pos,-
Sentence: 8,10,in,I-expression,pos,-
Sentence: 8,11,start,B-target,-,2
Sentence: 8,12,ups,I-target,-,2
Sentence: 8,13,met,I-target,-,2
Sentence: 8,14,nieuwe,I-target,-,2
Sentence: 8,15,ideeën,I-target,-,2
Sentence: 8,16,om,I-target,-,2
Sentence: 8,17,duurzame,I-target,-,2
Sentence: 8,18,energie,I-target,-,2
Sentence: 8,19,betaalbaar,I-target,-,2
Sentence: 8,20,te,I-target,-,2
Sentence: 8,21,houden,I-target,-,2
Sentence: 8,22,.,O,-,-
Sentence: 9,1,Volgens,O,-,-
Sentence: 9,2,opiniepeiler,O,-,-
Sentence: 9,3,BVA,O,-,-
Sentence: 9,4,denkt,O,-,-
Sentence: 9,5,69,B-holder,-,12
Sentence: 9,6,%,I-holder,-,12
Sentence: 9,7,van,I-holder,-,12
Sentence: 9,8,de,I-holder,-,12
Sentence: 9,9,Fransen,I-holder,-,12
Sentence: 9,10,dat,O,-,-
Sentence: 9,11,kernenergie,B-target,-,12
Sentence: 9,12,bijdraagt,B-expression,neg,-
Sentence: 9,13,aan,I-expression,neg,-
Sentence: 9,14,klimaatverandering,I-expression,neg,-
Sentence: 9,15,.,O,-,-
Sentence: 10,1,Tegelijkertijd,O,-,-
Sentence: 10,2,wil,B-expression,pos,-
Sentence: 10,3,de,B-holder,-,2
Sentence: 10,4,windenergiebranche,I-holder,-,2
Sentence: 10,5,dat,O,-,-
Sentence: 10,6,vergunningen,B-target,-,2
Sentence: 10,7,voor,I-target,-,2
Sentence: 10,8,windparken,I-target,-,2
Sentence: 10,9,voor,I-target,-,2
Sentence: 10,10,40,I-target,-,2
Sentence: 10,11,jaar,I-target,-,2
Sentence: 10,12,worden,I-target,-,2
Sentence: 10,13,afgegeven,I-target,-,2
Sentence: 10,14,in,O,-,-
Sentence: 10,15,plaats,O,-,-
Sentence: 10,16,van,O,-,-
Sentence: 10,17,30,O,-,-
Sentence: 10,18,jaar,O,-,-
Sentence: 10,19,.,O,-,-
Sentence: 11,1,Nederland,B-holder,-,2
Sentence: 11,2,wil,B-expression,pos,-
Sentence: 11,3,de,B-target,-,2
Sentence: 11,4,energietransitie,I-target,-,2
Sentence: 11,5,in,I-target,-,2
Sentence: 11,6,30,I-target,-,2
Sentence: 11,7,jaar,I-target,-,2
Sentence: 11,8,voltooien,I-target,-,2
Sentence: 11,9,.,O,-,-
Sentence: 12,1,De,B-expression,pos,-
Sentence: 12,2,regels,I-expression,pos,-
Sentence: 12,3,voor,I-expression,pos,-
Sentence: 12,4,het,I-expression,pos,-
Sentence: 12,5,plaatsen,I-expression,pos,-
Sentence: 12,6,van,I-expression,pos,-
Sentence: 12,7,kleine,I-target,-,1
Sentence: 12,8,windturbines,I-target,-,1
Sentence: 12,9,in,I-target,-,1
Sentence: 12,10,Dalfsen,I-target,-,1
Sentence: 12,11,worden,I-expression,pos,-
Sentence: 12,12,versoepeld,I-expression,pos,-
Sentence: 12,13,.,O,-,-
Sentence: 13,1,Ook,O,-,-
Sentence: 13,2,willen,B-expression,pos,-
Sentence: 13,3,ze,B-holder,-,2
Sentence: 13,4,dat,O,-,-
Sentence: 13,5,de,I-expression,pos,-
Sentence: 13,6,wethouder,I-expression,pos,-
Sentence: 13,7,met,I-expression,pos,-
Sentence: 13,8,huidige,I-expression,pos,-
Sentence: 13,9,en,I-expression,pos,-
Sentence: 13,10,toekomstige,I-expression,pos,-
Sentence: 13,11,initiatiefnemers,I-expression,pos,-
Sentence: 13,12,van,I-expression,pos,-
Sentence: 13,13,biomassa,I-expression,pos,-
Sentence: 13,14,in,I-expression,pos,-
Sentence: 13,15,gesprek,I-expression,pos,-
Sentence: 13,16,gaat,I-expression,pos,-
Sentence: 13,17,over,I-expression,pos,-
Sentence: 13,18,over,I-expression,pos,-
Sentence: 13,19,over,I-expression,pos,-
Sentence: 13,20,fijnstof,B-target,-,2
Sentence: 13,21,af,I-target,-,2
Sentence: 13,22,te,I-target,-,2
Sentence: 13,23,vangen,I-target,-,2
Sentence: 13,24,.,O,-,-
Sentence: 14,1,Ook,O,-,-
Sentence: 14,2,wil,B-expression,pos,-
Sentence: 14,3,de,B-holder,-,2
Sentence: 14,4,provincie,I-holder,-,2
Sentence: 14,5,de,I-expression,pos,-
Sentence: 14,6,capaciteit,I-expression,pos,-
Sentence: 14,7,van,I-expression,pos,-
Sentence: 14,8,het,I-target,-,2
Sentence: 14,9,elektriciteitsnet,I-target,-,2
Sentence: 14,10,de,O,-,-
Sentence: 14,11,komende,O,-,-
Sentence: 14,12,tien,O,-,-
Sentence: 14,13,jaar,O,-,-
Sentence: 14,14,meer,I-expression,pos,-
Sentence: 14,15,dan,I-expression,pos,-
Sentence: 14,16,verdubbelden,I-expression,pos,-
Sentence: 14,17,.,O,-,-
Sentence: 15,1,Utrecht,B-holder,-,2
Sentence: 15,2,wil,B-expression,pos,-
Sentence: 15,3,dat,I-expression,pos,-
Sentence: 15,4,er,I-expression,pos,-
Sentence: 15,5,maximaal,B-target,-,2
Sentence: 15,6,acht,I-target,-,2
Sentence: 15,7,(,I-target,-,2
Sentence: 15,8,grote,I-target,-,2
Sentence: 15,9,),I-target,-,2
Sentence: 15,10,windmolens,I-target,-,2
Sentence: 15,11,en,O,-,-
Sentence: 15,12,230,B-target,-,2
Sentence: 15,13,hectare,I-target,-,2
Sentence: 15,14,zonnevelden,I-target,-,2
Sentence: 15,15,komen,I-expression,pos,-
Sentence: 15,16,in,O,-,-
Sentence: 15,17,de,O,-,-
Sentence: 15,18,polder,O,-,-
Sentence: 15,19,Rijnenburg,O,-,-
Sentence: 15,20,bij,O,-,-
Sentence: 15,21,De,O,-,-
Sentence: 15,22,Meern,O,-,-
Sentence: 15,23,.,O,-,-
Sentence: 16,1,Vattenfall,B-holder,-,7
Sentence: 16,2,(,O,-,-
Sentence: 16,3,voorheen,O,-,-
Sentence: 16,4,:,O,-,-
Sentence: 16,5,Nuon,O,-,-
Sentence: 16,6,),O,-,-
Sentence: 16,7,wil,B-expression,pos,-
Sentence: 16,8,de,B-target,-,7
Sentence: 16,9,huidige,I-target,-,7
Sentence: 16,10,elektriciteitscentrale,I-target,-,7
Sentence: 16,11,deels,I-target,-,7
Sentence: 16,12,ombouwen,I-target,-,7
Sentence: 16,13,tot,I-target,-,7
Sentence: 16,14,biomassacentrale,I-target,-,7
Sentence: 16,15,die,O,-,-
Sentence: 16,16,de,O,-,-
Sentence: 16,17,warmte,O,-,-
Sentence: 16,18,van,O,-,-
Sentence: 16,19,90.000,O,-,-
Sentence: 16,20,woningen,O,-,-
Sentence: 16,21,in,O,-,-
Sentence: 16,22,Amsterdam,O,-,-
Sentence: 16,23,en,O,-,-
Sentence: 16,24,Almere,O,-,-
Sentence: 16,25,moet,O,-,-
Sentence: 16,26,leveren,O,-,-
Sentence: 16,27,.,O,-,-
Sentence: 18,1,Ook,O,-,-
Sentence: 18,2,wil,B-expression,pos,-
Sentence: 18,3,de,B-holder,-,2
Sentence: 18,4,raad,I-holder,-,2
Sentence: 18,5,helder,B-target,-,2
Sentence: 18,6,zien,I-target,-,2
Sentence: 18,7,te,I-target,-,2
Sentence: 18,8,krijgen,I-target,-,2
Sentence: 18,9,hoe,I-target,-,2
Sentence: 18,10,de,I-target,-,2
Sentence: 18,11,energiestrategie,I-target,-,2
Sentence: 18,12,zich,I-target,-,2
Sentence: 18,13,verhoudt,I-target,-,2
Sentence: 18,14,tot,I-target,-,2
Sentence: 18,15,de,I-target,-,2
Sentence: 18,16,lokale,I-target,-,2
Sentence: 18,17,energievisie,I-target,-,2
Sentence: 18,18,",",O,-,-
Sentence: 18,19,die,O,-,-
Sentence: 18,20,nog,O,-,-
Sentence: 18,21,moet,O,-,-
Sentence: 18,22,worden,O,-,-
Sentence: 18,23,vastgesteld,O,-,-
Sentence: 18,24,.,O,-,-
Sentence: 19,1,De,O,-,-
Sentence: 19,2,Zwolse,O,-,-
Sentence: 19,3,energietransitie,O,-,-
Sentence: 19,4,",",O,-,-
Sentence: 19,5,met,B-expression,pos,-
Sentence: 19,6,als,I-expression,pos,-
Sentence: 19,7,doelstelling,I-expression,pos,-
Sentence: 19,8,om,O,-,-
Sentence: 19,9,in,B-target,-,5
Sentence: 19,10,2050,I-target,-,5
Sentence: 19,11,energie,I-target,-,5
Sentence: 19,12,neutraal,I-target,-,5
Sentence: 19,13,te,I-target,-,5
Sentence: 19,14,zijn,I-target,-,5
Sentence: 19,15,",",O,-,-
Sentence: 19,16,raakt,O,-,-
Sentence: 19,17,uiteindelijk,O,-,-
Sentence: 19,18,alle,O,-,-
Sentence: 19,19,inwoners,O,-,-
Sentence: 19,20,van,O,-,-
Sentence: 19,21,de,O,-,-
Sentence: 19,22,stad,O,-,-
Sentence: 19,23,.,O,-,-
Sentence: 20,1,Het,O,-,-
Sentence: 20,2,handjevol,O,-,-
Sentence: 20,3,elektrische,O,-,-
Sentence: 20,4,auto,O,-,-
Sentence: 20,5,’,O,-,-
Sentence: 20,6,s,O,-,-
Sentence: 20,7,die,O,-,-
Sentence: 20,8,dit,O,-,-
Sentence: 20,9,jaar,O,-,-
Sentence: 20,10,wel,O,-,-
Sentence: 20,11,op,O,-,-
Sentence: 20,12,kenteken,O,-,-
Sentence: 20,13,zijn,O,-,-
Sentence: 20,14,gezet,O,-,-
Sentence: 20,15,",",O,-,-
Sentence: 20,16,zijn,O,-,-
Sentence: 20,17,verkocht,O,-,-
Sentence: 20,18,aan,O,-,-
Sentence: 20,19,particulieren,B-holder,-,22
Sentence: 20,20,die,O,-,-
Sentence: 20,21,groen,B-target,-,22
Sentence: 20,22,willen,B-expression,pos,-
Sentence: 20,23,rijden,I-target,-,22
Sentence: 20,24,.,O,-,-
Sentence: 22,1,Zo,O,-,-
Sentence: 22,2,wilde,B-expression,pos,-
Sentence: 22,3,de,B-holder,-,2
Sentence: 22,4,Pvd,I-holder,-,2
Sentence: 22,5,A,I-holder,-,2
Sentence: 22,6,niet,O,-,-
Sentence: 22,7,alleen,O,-,-
Sentence: 22,8,weten,B-target,-,2
Sentence: 22,9,of,I-target,-,2
Sentence: 22,10,de,I-target,-,2
Sentence: 22,11,overgang,I-target,-,2
Sentence: 22,12,naar,I-target,-,2
Sentence: 22,13,duurzame,I-target,-,2
Sentence: 22,14,energie,I-target,-,2
Sentence: 22,15,betaalbaar,I-target,-,2
Sentence: 22,16,is,I-target,-,2
Sentence: 22,17,voor,I-target,-,2
Sentence: 22,18,de,I-target,-,2
Sentence: 22,19,inwoners,I-target,-,2
Sentence: 22,20,",",I-target,-,2
Sentence: 22,21,maar,I-target,-,2
Sentence: 22,22,ook,I-target,-,2
Sentence: 22,23,hoe,I-target,-,2
Sentence: 22,24,de,I-target,-,2
Sentence: 22,25,gemeente,I-target,-,2
Sentence: 22,26,hen,I-target,-,2
Sentence: 22,27,enthousiast,I-target,-,2
Sentence: 22,28,krijgt,I-target,-,2
Sentence: 22,29,voor,I-target,-,2
Sentence: 22,30,de,I-target,-,2
Sentence: 22,31,energieplannen,I-target,-,2
Sentence: 22,32,.,O,-,-
Sentence: 24,1,Duitsland,B-holder,-,2
Sentence: 24,2,reserveert,B-expression,pos,-
Sentence: 24,3,ruim,I-expression,pos,-
Sentence: 24,4,4,I-expression,pos,-
Sentence: 24,5,miljard,I-expression,pos,-
Sentence: 24,6,euro,I-expression,pos,-
Sentence: 24,7,om,O,-,-
Sentence: 24,8,energiebedrijven,B-target,-,2
Sentence: 24,9,te,I-target,-,2
Sentence: 24,10,compenseren,I-target,-,2
Sentence: 24,11,die,I-target,-,2
Sentence: 24,12,getroffen,I-target,-,2
Sentence: 24,13,gaan,I-target,-,2
Sentence: 24,14,worden,I-target,-,2
Sentence: 24,15,door,I-target,-,2
Sentence: 24,16,de,I-target,-,2
Sentence: 24,17,sluiting,I-target,-,2
Sentence: 24,18,van,I-target,-,2
Sentence: 24,19,kolencentrales,I-target,-,2
Sentence: 24,20,.,O,-,-
Sentence: 25,1,Op,O,-,-
Sentence: 25,2,die,O,-,-
Sentence: 25,3,schommelingen,O,-,-
Sentence: 25,4,in,O,-,-
Sentence: 25,5,het,O,-,-
Sentence: 25,6,energienet,O,-,-
Sentence: 25,7,moet,B-expression,pos,-
Sentence: 25,8,een,B-target,-,7
Sentence: 25,9,Europees,I-target,-,7
Sentence: 25,10,antwoord,I-target,-,7
Sentence: 25,11,komen,I-expression,pos,-
Sentence: 25,12,",",O,-,-
Sentence: 25,13,vindt,O,-,-
Sentence: 25,14,Tennet,B-holder,-,7
Sentence: 25,15,",",O,-,-
Sentence: 25,16,dat,O,-,-
Sentence: 25,17,voor,O,-,-
Sentence: 25,18,100,O,-,-
Sentence: 25,19,%,O,-,-
Sentence: 25,20,in,O,-,-
Sentence: 25,21,handen,O,-,-
Sentence: 25,22,is,O,-,-
Sentence: 25,23,van,O,-,-
Sentence: 25,24,de,O,-,-
Sentence: 25,25,Nederlandse,O,-,-
Sentence: 25,26,staat,O,-,-
Sentence: 25,27,.,O,-,-
Sentence: 26,1,Daarmee,O,-,-
Sentence: 26,2,wilde,B-expression,pos,-
Sentence: 26,3,de,B-holder,-,2
Sentence: 26,4,gemeente,I-holder,-,2
Sentence: 26,5,maximaal,B-target,-,2
Sentence: 26,6,gebruik,B-target,-,2
Sentence: 26,7,maken,B-target,-,2
Sentence: 26,8,van,B-target,-,2
Sentence: 26,9,de,B-target,-,2
Sentence: 26,10,beschikbare,B-target,-,2
Sentence: 26,11,ruimte,B-target,-,2
Sentence: 26,12,",",O,-,-
Sentence: 26,13,en,O,-,-
Sentence: 26,14,op,O,-,-
Sentence: 26,15,deze,O,-,-
Sentence: 26,16,manier,O,-,-
Sentence: 26,17,hun,B-expression,pos,-
Sentence: 26,18,steentje,I-expression,pos,-
Sentence: 26,19,bijdragen,I-expression,pos,-
Sentence: 26,20,aan,I-expression,pos,-
Sentence: 26,21,het,I-expression,pos,-
Sentence: 26,22,produceren,I-expression,pos,-
Sentence: 26,23,van,I-expression,pos,-
Sentence: 26,24,zoveel,I-expression,pos,-
Sentence: 26,25,mogelijk,I-expression,pos,-
Sentence: 26,26,duurzame,B-target,-,17
Sentence: 26,27,energie,I-target,-,17
Sentence: 26,28,.,O,-,-
Sentence: 28,1,Daarnaast,O,-,-
Sentence: 28,2,wil,B-expression,neg,-
Sentence: 28,3,het,B-holder,-,2
Sentence: 28,4,de,B-target,-,2
Sentence: 28,5,CO2,I-target,-,2
Sentence: 28,6,uitstoot,I-target,-,2
Sentence: 28,7,in,I-target,-,2
Sentence: 28,8,de,I-target,-,2
Sentence: 28,9,aandelenportefeuille,I-target,-,2
Sentence: 28,10,verder,I-expression,neg,-
Sentence: 28,11,terugbrengen,I-expression,neg,-
Sentence: 28,12,en,O,-,-
Sentence: 28,13,meer,B-expression,pos,-
Sentence: 28,14,beleggen,I-expression,pos,-
Sentence: 28,15,in,I-expression,pos,-
Sentence: 28,16,duurzame,B-target,-,13
Sentence: 28,17,energie,I-target,-,13
Sentence: 28,18,.,O,-,-
Sentence: 29,1,De,B-holder,-,15
Sentence: 29,2,metaalfondsen,I-holder,-,15
Sentence: 29,3,PMT,I-holder,-,15
Sentence: 29,4,en,I-holder,-,15
Sentence: 29,5,PME,I-holder,-,15
Sentence: 29,6,-,O,-,-
Sentence: 29,7,het,O,-,-
Sentence: 29,8,derde,O,-,-
Sentence: 29,9,en,O,-,-
Sentence: 29,10,vijfde,O,-,-
Sentence: 29,11,pensioenfonds,O,-,-
Sentence: 29,12,van,O,-,-
Sentence: 29,13,Nederland,O,-,-
Sentence: 29,14,-,O,-,-
Sentence: 29,15,willen,B-expression,neg,-
Sentence: 29,16,hun,B-target,-,15
Sentence: 29,17,CO2,I-target,-,15
Sentence: 29,18,uitstoot,I-target,-,15
Sentence: 29,19,in,I-target,-,15
Sentence: 29,20,2025,I-target,-,15
Sentence: 29,21,halveren,B-expression,neg,-
Sentence: 29,22,ten,O,-,-
Sentence: 29,23,opzichte,O,-,-
Sentence: 29,24,van,O,-,-
Sentence: 29,25,2015,O,-,-
Sentence: 29,26,.,O,-,-
Sentence: 31,1,Maar,O,-,-
Sentence: 31,2,het,B-holder,-,4
Sentence: 31,3,ministerie,I-holder,-,4
Sentence: 31,4,heeft,B-expression,neg,-
Sentence: 31,5,dat,B-target,-,4
Sentence: 31,6,liever,I-expression,neg,-
Sentence: 31,7,niet,I-expression,neg,-
Sentence: 31,8,",",O,-,-
Sentence: 31,9,omdat,O,-,-
Sentence: 31,10,daar,O,-,-
Sentence: 31,11,veel,B-expression,neg,-
Sentence: 31,12,meer,I-expression,neg,-
Sentence: 31,13,broeikasgassen,I-expression,neg,-
Sentence: 31,14,vrijkomen,I-expression,neg,-
Sentence: 31,15,bij,I-expression,neg,-
Sentence: 31,16,de,I-expression,neg,-
Sentence: 31,17,winning,I-expression,neg,-
Sentence: 31,18,en,I-expression,neg,-
Sentence: 31,19,later,I-expression,neg,-
Sentence: 31,20,bij,I-expression,neg,-
Sentence: 31,21,het,I-expression,neg,-
Sentence: 31,22,transport,I-expression,neg,-
Sentence: 31,23,.,O,-,-
Sentence: 33,1,Obrist,B-holder,-,9
Sentence: 33,2,is,O,-,-
Sentence: 33,3,van,O,-,-
Sentence: 33,4,mening,O,-,-
Sentence: 33,5,dat,O,-,-
Sentence: 33,6,elektrische,B-target,-,9
Sentence: 33,7,auto,I-target,-,9
Sentence: 33,8,s,I-target,-,9
Sentence: 33,9,nog,B-expression,neg,-
Sentence: 33,10,te,I-expression,neg,-
Sentence: 33,11,duur,I-expression,neg,-
Sentence: 33,12,zijn,O,-,-
Sentence: 33,13,",",O,-,-
Sentence: 33,14,voor,O,-,-
Sentence: 33,15,een,O,-,-
Sentence: 33,16,belangrijk,O,-,-
Sentence: 33,17,deel,O,-,-
Sentence: 33,18,vanwege,O,-,-
Sentence: 33,19,de,O,-,-
Sentence: 33,20,accu,O,-,-
Sentence: 33,21,s,O,-,-
Sentence: 33,22,.,O,-,-
Sentence: 34,1,Tientallen,B-holder,-,13
Sentence: 34,2,verontruste,I-holder,-,13
Sentence: 34,3,burgers,I-holder,-,13
Sentence: 34,4,verzamelden,O,-,-
Sentence: 34,5,zich,O,-,-
Sentence: 34,6,maandagmiddag,O,-,-
Sentence: 34,7,bij,O,-,-
Sentence: 34,8,het,O,-,-
Sentence: 34,9,Provinciehuis,O,-,-
Sentence: 34,10,in,O,-,-
Sentence: 34,11,Haarlem,O,-,-
Sentence: 34,12,om,O,-,-
Sentence: 34,13,hun,B-expression,neg,-
Sentence: 34,14,ongenoegen,I-expression,neg,-
Sentence: 34,15,tegen,I-expression,neg,-
Sentence: 34,16,de,B-target,-,13
Sentence: 34,17,komst,I-target,-,13
Sentence: 34,18,van,I-target,-,13
Sentence: 34,19,windmolens,I-target,-,13
Sentence: 34,20,te,I-expression,neg,-
Sentence: 34,21,uiten,I-expression,neg,-
Sentence: 34,22,.,O,-,-
Sentence: 35,1,Zoals,O,-,-
Sentence: 35,2,wij,O,-,-
Sentence: 35,3,nu,O,-,-
Sentence: 35,4,zien,O,-,-
Sentence: 35,5,kiest,B-expression,pos,-
Sentence: 35,6,deze,B-holder,-,5
Sentence: 35,7,groep,I-holder,-,5
Sentence: 35,8,leaserijders,I-holder,-,5
Sentence: 35,9,juist,O,-,-
Sentence: 35,10,een,B-target,-,5
Sentence: 35,11,elektrische,I-target,-,5
Sentence: 35,12,auto,I-target,-,5
Sentence: 35,13,.,O,-,-
Sentence: 43,1,Gisteren,O,-,-
Sentence: 43,2,was,B-expression,neg,-
Sentence: 43,3,steun,I-expression,neg,-
Sentence: 43,4,voor,I-expression,neg,-
Sentence: 43,5,drie,B-target,-,2
Sentence: 43,6,windmolens,I-target,-,2
Sentence: 43,7,en,O,-,-
Sentence: 43,8,bijna,B-target,-,2
Sentence: 43,9,800,I-target,-,2
Sentence: 43,10,hectares,I-target,-,2
Sentence: 43,11,aan,I-target,-,2
Sentence: 43,12,zonnevelden,I-target,-,2
Sentence: 43,13,ver,I-expression,neg,-
Sentence: 43,14,te,I-expression,neg,-
Sentence: 43,15,zoeken,I-expression,neg,-
Sentence: 43,16,.,O,-,-
Sentence: 44,1,Om,O,-,-
Sentence: 44,2,dat,O,-,-
Sentence: 44,3,voor,O,-,-
Sentence: 44,4,elkaar,O,-,-
Sentence: 44,5,te,O,-,-
Sentence: 44,6,krijgen,O,-,-
Sentence: 44,7,werkten,B-expression,pos,-
Sentence: 44,8,gemeente,B-holder,-,7
Sentence: 44,9,",",O,-,-
Sentence: 44,10,woningcorporaties,B-holder,-,7
Sentence: 44,11,en,O,-,-
Sentence: 44,12,netbeheerder,B-holder,-,7
Sentence: 44,13,samen,I-expression,pos,-
Sentence: 44,14,aan,I-expression,pos,-
Sentence: 44,15,een,I-expression,pos,-
Sentence: 44,16,plan,I-expression,pos,-
Sentence: 44,17,voor,I-expression,pos,-
Sentence: 44,18,een,B-target,-,7
Sentence: 44,19,warmtevoorziening,I-target,-,7
Sentence: 44,20,op,I-target,-,7
Sentence: 44,21,wijkniveau,I-target,-,7
Sentence: 44,22,.,O,-,-
Sentence: 46,1,De,B-expression,neg,-
Sentence: 46,2,oproep,I-expression,neg,-
Sentence: 46,3,van,O,-,-
Sentence: 46,4,de,B-holder,-,1
Sentence: 46,5,fractie,I-holder,-,1
Sentence: 46,6,geen,I-expression,neg,-
Sentence: 46,7,windturbines,B-target,-,1
Sentence: 46,8,te,I-expression,neg,-
Sentence: 46,9,plaatsen,I-expression,neg,-
Sentence: 46,10,binnen,I-target,-,1
Sentence: 46,11,een,I-target,-,1
Sentence: 46,12,straal,I-target,-,1
Sentence: 46,13,van,I-target,-,1
Sentence: 46,14,één,I-target,-,1
Sentence: 46,15,kilometer,I-target,-,1
Sentence: 46,16,van,I-target,-,1
Sentence: 46,17,bestaande,I-target,-,1
Sentence: 46,18,woningen,I-target,-,1
Sentence: 46,19,",",O,-,-
Sentence: 46,20,kreeg,B-expression,pos,-
Sentence: 46,21,alleen,O,-,-
Sentence: 46,22,bijval,I-expression,pos,-
Sentence: 46,23,van,O,-,-
Sentence: 46,24,Haaksbergen,B-holder,-,20
Sentence: 46,25,Centraal,I-holder,-,20
Sentence: 46,26,.,O,-,-
Sentence: 47,1,De,B-holder,-,7
Sentence: 47,2,partij,I-holder,-,7
Sentence: 47,3,vindt,O,-,-
Sentence: 47,4,het,O,-,-
Sentence: 47,5,dan,O,-,-
Sentence: 47,6,ook,O,-,-
Sentence: 47,7,een,B-expression,neg,-
Sentence: 47,8,goed,I-expression,neg,-
Sentence: 47,9,moment,I-expression,neg,-
Sentence: 47,10,om,I-expression,neg,-
Sentence: 47,11,de,B-target,-,7
Sentence: 47,12,kolencentrale,I-target,-,7
Sentence: 47,13,permanent,I-expression,neg,-
Sentence: 47,14,te,I-expression,neg,-
Sentence: 47,15,sluiten,I-expression,neg,-
Sentence: 47,16,.,O,-,-
Sentence: 48,1,Eerder,O,-,-
Sentence: 48,2,was,B-expression,neg,-
Sentence: 48,3,Groen,B-holder,-,2
Sentence: 48,4,Links,I-holder,-,2
Sentence: 48,5,nog,O,-,-
Sentence: 48,6,fel,I-expression,neg,-
Sentence: 48,7,gekant,I-expression,neg,-
Sentence: 48,8,tegen,I-expression,neg,-
Sentence: 48,9,de,B-target,-,2
Sentence: 48,10,bouw,I-target,-,2
Sentence: 48,11,van,I-target,-,2
Sentence: 48,12,biomassacentrales,I-target,-,2
Sentence: 48,13,",",O,-,-
Sentence: 48,14,onder,O,-,-
Sentence: 48,15,andere,O,-,-
Sentence: 48,16,die,O,-,-
Sentence: 48,17,in,O,-,-
Sentence: 48,18,Diemen,O,-,-
Sentence: 48,19,.,O,-,-
Sentence: 50,1,De,B-holder,-,16
Sentence: 50,2,buitenlandcoördinator,I-holder,-,16
Sentence: 50,3,stelde,O,-,-
Sentence: 50,4,dat,O,-,-
Sentence: 50,5,veel,B-target,-,16
Sentence: 50,6,jongeren,I-target,-,16
Sentence: 50,7,die,I-target,-,16
Sentence: 50,8,nu,I-target,-,16
Sentence: 50,9,actievoeren,I-target,-,16
Sentence: 50,10,voor,I-target,-,16
Sentence: 50,11,een,I-target,-,16
Sentence: 50,12,toekomst,I-target,-,16
Sentence: 50,13,zonder,I-target,-,16
Sentence: 50,14,fossiele,I-target,-,16
Sentence: 50,15,brandstoffen,I-target,-,16
Sentence: 50,16,zich,B-expression,neg,-
Sentence: 50,17,niet,I-expression,neg,-
Sentence: 50,18,realiseren,I-expression,neg,-
Sentence: 50,19,hoeveel,I-expression,neg,-
Sentence: 50,20,geld,I-expression,neg,-
Sentence: 50,21,dit,I-expression,neg,-
Sentence: 50,22,ze,I-expression,neg,-
Sentence: 50,23,zelf,I-expression,neg,-
Sentence: 50,24,zal,I-expression,neg,-
Sentence: 50,25,gaan,I-expression,neg,-
Sentence: 50,26,kosten,I-expression,neg,-
Sentence: 50,27,.,O,-,-
Sentence: 52,1,Ondanks,O,-,-
Sentence: 52,2,dat,O,-,-
Sentence: 52,3,president,B-holder,-,5
Sentence: 52,4,Trump,I-holder,-,5
Sentence: 52,5,zich,B-expression,neg,-
Sentence: 52,6,uit,I-expression,neg,-
Sentence: 52,7,het,B-target,-,5
Sentence: 52,8,klimaatakkoord,I-target,-,5
Sentence: 52,9,van,I-target,-,5
Sentence: 52,10,Parijs,I-target,-,5
Sentence: 52,11,heeft,I-expression,neg,-
Sentence: 52,12,teruggetrokken,I-expression,neg,-
Sentence: 52,13,",",O,-,-
Sentence: 52,14,was,O,-,-
Sentence: 52,15,daar,O,-,-
Sentence: 52,16,de,O,-,-
Sentence: 52,17,daling,O,-,-
Sentence: 52,18,in,O,-,-
Sentence: 52,19,absolute,O,-,-
Sentence: 52,20,aantallen,O,-,-
Sentence: 52,21,het,O,-,-
Sentence: 52,22,grootst,O,-,-
Sentence: 52,23,.,O,-,-
Sentence: 56,1,Toch,O,-,-
Sentence: 56,2,wil,B-expression,neg,-
Sentence: 56,3,Timmermans,B-holder,-,2
Sentence: 56,4,gewoon,O,-,-
Sentence: 56,5,van,I-expression,neg,-
Sentence: 56,6,kernenergie,B-target,-,2
Sentence: 56,7,af,I-expression,neg,-
Sentence: 56,8,",",O,-,-
Sentence: 56,9,zoveel,O,-,-
Sentence: 56,10,is,O,-,-
Sentence: 56,11,wel,O,-,-
Sentence: 56,12,duidelijk,O,-,-
Sentence: 56,13,.,O,-,-
Sentence: 58,1,Hij,B-holder,-,2
Sentence: 58,2,is,B-expression,neg,-
Sentence: 58,3,bang,I-expression,neg,-
Sentence: 58,4,dat,O,-,-
Sentence: 58,5,er,B-target,-,2
Sentence: 58,6,duizenden,I-target,-,2
Sentence: 58,7,hectares,I-target,-,2
Sentence: 58,8,met,I-target,-,2
Sentence: 58,9,zonnepanelen,I-target,-,2
Sentence: 58,10,en,I-target,-,2
Sentence: 58,11,honderden,I-target,-,2
Sentence: 58,12,windmolens,I-target,-,2
Sentence: 58,13,in,I-target,-,2
Sentence: 58,14,de,I-target,-,2
Sentence: 58,15,omgeving,I-target,-,2
Sentence: 58,16,komen,I-target,-,2
Sentence: 58,17,te,I-target,-,2
Sentence: 58,18,staan,I-target,-,2
Sentence: 58,19,",",O,-,-
Sentence: 58,20,schrijft,O,-,-
Sentence: 58,21,RTV,O,-,-
Sentence: 58,22,Oost,O,-,-
Sentence: 58,23,.,O,-,-
Sentence: 60,1,Eerder,O,-,-
Sentence: 60,2,was,B-expression,neg,-
Sentence: 60,3,er,I-expression,neg,-
Sentence: 60,4,kritiek,I-expression,neg,-
Sentence: 60,5,op,I-expression,neg,-
Sentence: 60,6,ramingen,B-target,-,2
Sentence: 60,7,voor,I-target,-,2
Sentence: 60,8,elektrische,I-target,-,2
Sentence: 60,9,auto,I-target,-,2
Sentence: 60,10,’,I-target,-,2
Sentence: 60,11,s,I-target,-,2
Sentence: 60,12,en,I-target,-,2
Sentence: 60,13,de,I-target,-,2
Sentence: 60,14,energierekening,I-target,-,2
Sentence: 60,15,.,O,-,-
Sentence: 62,1,De,B-holder,-,3
Sentence: 62,2,Kamer,I-holder,-,3
Sentence: 62,3,reageerde,B-expression,neg,-
Sentence: 62,4,onthutst,I-expression,neg,-
Sentence: 62,5,",",O,-,-
Sentence: 62,6,van,O,-,-
Sentence: 62,7,PVV,B-holder,-,17
Sentence: 62,8,en,O,-,-
Sentence: 62,9,Fv,B-holder,-,17
Sentence: 62,10,D,I-holder,-,17
Sentence: 62,11,",",O,-,-
Sentence: 62,12,die,O,-,-
Sentence: 62,13,de,B-target,-,17
Sentence: 62,14,energietransitie,I-target,-,17
Sentence: 62,15,toch,O,-,-
Sentence: 62,16,al,O,-,-
Sentence: 62,17,onzin,B-expression,neg,-
Sentence: 62,18,vinden,O,-,-
Sentence: 62,19,",",O,-,-
Sentence: 62,20,tot,O,-,-
Sentence: 62,21,de,B-holder,-,26
Sentence: 62,22,linkse,I-holder,-,26
Sentence: 62,23,partijen,I-holder,-,26
Sentence: 62,24,",",O,-,-
Sentence: 62,25,die,O,-,-
Sentence: 62,26,vrezen,B-expression,neg,-
Sentence: 62,27,het,B-target,-,26
Sentence: 62,28,broze,I-target,-,26
Sentence: 62,29,draagvlak,I-target,-,26
Sentence: 62,30,te,I-target,-,26
Sentence: 62,31,verliezen,I-target,-,26
Sentence: 62,32,.,O,-,-
Sentence: 63,1,Europa,B-holder,-,2
Sentence: 63,2,stimuleert,B-expression,pos,-
Sentence: 63,3,daarom,O,-,-
Sentence: 63,4,het,B-target,-,2
Sentence: 63,5,gebruik,I-target,-,2
Sentence: 63,6,van,I-target,-,2
Sentence: 63,7,biomassa,I-target,-,2
Sentence: 63,8,.,O,-,-
Sentence: 65,1,Deventer,B-target,-,3
Sentence: 65,2,Energie,I-target,-,3
Sentence: 65,3,kwam,B-expression,pos,-
Sentence: 65,4,uiteindelijke,O,-,-
Sentence: 65,5,als,I-expression,pos,-
Sentence: 65,6,favoriet,I-expression,pos,-
Sentence: 65,7,uit,I-expression,pos,-
Sentence: 65,8,de,I-expression,pos,-
Sentence: 65,9,bus,I-expression,pos,-
Sentence: 65,10,",",O,-,-
Sentence: 65,11,omdat,O,-,-
Sentence: 65,12,ze,B-holder,-,19
Sentence: 65,13,met,O,-,-
Sentence: 65,14,het,O,-,-
Sentence: 65,15,gezamenlijke,O,-,-
Sentence: 65,16,duurzaamheidscentrum,O,-,-
Sentence: 65,17,de,B-target,-,19
Sentence: 65,18,energietransitie,I-target,-,19
Sentence: 65,19,in,B-expression,pos,-
Sentence: 65,20,een,I-expression,pos,-
Sentence: 65,21,mooie,I-expression,pos,-
Sentence: 65,22,etalage,I-expression,pos,-
Sentence: 65,23,zet,I-expression,pos,-
Sentence: 65,24,.,O,-,-
Sentence: 72,1,Landen,B-holder,-,2
Sentence: 72,2,kiezen,B-expression,neg,-
Sentence: 72,3,er,I-expression,neg,-
Sentence: 72,4,steeds,I-expression,neg,-
Sentence: 72,5,vaker,I-expression,neg,-
Sentence: 72,6,voor,I-expression,neg,-
Sentence: 72,7,minder,I-expression,neg,-
Sentence: 72,8,nieuwe,B-target,-,2
Sentence: 72,9,kolencentrales,I-target,-,2
Sentence: 72,10,te,I-expression,neg,-
Sentence: 72,11,bouwen,I-expression,neg,-
Sentence: 72,12,",",O,-,-
Sentence: 72,14,zegt,O,-,-
Sentence: 72,15,de,O,-,-
Sentence: 72,16,universitair,O,-,-
Sentence: 72,17,hoofddocent,O,-,-
Sentence: 72,18,milieukunde,O,-,-
Sentence: 72,19,.,O,-,-
Sentence: 74,1,Bloomberg,B-holder,-,2
Sentence: 74,2,wil,B-expression,neg,-
Sentence: 74,3,een,I-expression,neg,-
Sentence: 74,4,halvering,I-expression,neg,-
Sentence: 74,5,van,I-expression,neg,-
Sentence: 74,6,de,B-target,-,2
Sentence: 74,7,Amerikaanse,I-target,-,2
Sentence: 74,8,CO2,I-target,-,2
Sentence: 74,9,uitstoot,I-target,-,2
Sentence: 74,10,voor,I-target,-,2
Sentence: 74,11,2030,I-target,-,2
Sentence: 74,12,.,O,-,-
Sentence: 76,1,Juist,O,-,-
Sentence: 76,2,nu,O,-,-
Sentence: 76,3,ter,O,-,-
Sentence: 76,4,uitvoering,O,-,-
Sentence: 76,5,van,O,-,-
Sentence: 76,6,het,O,-,-
Sentence: 76,7,klimaatakkoord,O,-,-
Sentence: 76,8,plekken,B-expression,pos,-
Sentence: 76,9,worden,I-expression,pos,-
Sentence: 76,10,gezocht,I-expression,pos,-
Sentence: 76,11,voor,I-expression,pos,-
Sentence: 76,12,hernieuwbare,B-target,-,8
Sentence: 76,13,energie,I-target,-,8
Sentence: 76,14,",",O,-,-
Sentence: 76,15,zet,B-expression,neg,-
Sentence: 76,16,een,B-holder,-,15
Sentence: 76,17,aantal,I-holder,-,15
Sentence: 76,18,plattelandsgemeenten,I-holder,-,15
Sentence: 76,19,de,I-expression,neg,-
Sentence: 76,20,hakken,I-expression,neg,-
Sentence: 76,21,in,I-expression,neg,-
Sentence: 76,22,het,I-expression,neg,-
Sentence: 76,23,zand,I-expression,neg,-
Sentence: 76,24,.,O,-,-
Sentence: 77,1,Ze,B-target,-,2
Sentence: 77,2,kregen,B-expression,pos,-
Sentence: 77,3,al,O,-,-
Sentence: 77,4,de,I-expression,pos,-
Sentence: 77,5,complimenten,I-expression,pos,-
Sentence: 77,6,van,O,-,-
Sentence: 77,7,het,B-holder,-,2
Sentence: 77,8,Amerikaanse,I-holder,-,2
Sentence: 77,9,zakenblad,I-holder,-,2
Sentence: 77,10,Forbes,I-holder,-,2
Sentence: 77,11,",",O,-,-
Sentence: 77,12,omdat,O,-,-
Sentence: 77,13,ze,B-holder,-,21
Sentence: 77,14,de,B-target,-,21
Sentence: 77,15,uitstoot,I-target,-,21
Sentence: 77,16,van,I-target,-,21
Sentence: 77,17,CO2,I-target,-,21
Sentence: 77,18,bij,I-target,-,21
Sentence: 77,19,de,I-target,-,21
Sentence: 77,20,bouw,I-target,-,21
Sentence: 77,21,met,B-expression,neg,-
Sentence: 77,22,90,I-expression,neg,-
Sentence: 77,23,procent,I-expression,neg,-
Sentence: 77,24,wisten,I-expression,neg,-
Sentence: 77,25,te,I-expression,neg,-
Sentence: 77,26,reduceren,I-expression,neg,-
Sentence: 77,27,.,O,-,-
Sentence: 78,1,Voor,O,-,-
Sentence: 78,2,de,B-holder,-,15
Sentence: 78,3,‘,I-holder,-,15
Sentence: 78,4,ouderwetse,I-holder,-,15
Sentence: 78,5,’,I-holder,-,15
Sentence: 78,6,autoliefhebber,I-holder,-,15
Sentence: 78,7,is,O,-,-
Sentence: 78,8,deze,B-target,-,15
Sentence: 78,9,Audi,B-target,-,15
Sentence: 78,10,met,B-target,-,15
Sentence: 78,11,zijn,B-target,-,15
Sentence: 78,12,heerlijke,B-target,-,15
Sentence: 78,13,vijfcilinder,B-target,-,15
Sentence: 78,14,motor,B-target,-,15
Sentence: 78,15,een,B-expression,pos,-
Sentence: 78,16,verademing,I-expression,pos,-
Sentence: 78,17,tussen,I-expression,pos,-
Sentence: 78,18,alle,I-expression,pos,-
Sentence: 78,19,elektrische,I-expression,pos,-
Sentence: 78,20,auto,I-expression,pos,-
Sentence: 78,21,’,I-expression,pos,-
Sentence: 78,22,s,I-expression,pos,-
Sentence: 78,23,en,I-expression,pos,-
Sentence: 78,24,plug,I-expression,pos,-
Sentence: 78,25,in,I-expression,pos,-
Sentence: 78,26,hybrides,I-expression,pos,-
Sentence: 78,27,die,I-expression,pos,-
Sentence: 78,28,de,I-expression,pos,-
Sentence: 78,29,markt,I-expression,pos,-
Sentence: 78,30,bestormen,I-expression,pos,-
Sentence: 78,31,.,O,-,-
Sentence: 79,1,De,B-holder,-,13
Sentence: 79,2,drie,I-holder,-,13
Sentence: 79,3,genoemde,I-holder,-,13
Sentence: 79,4,bedrijven,I-holder,-,13
Sentence: 79,5,zullen,O,-,-
Sentence: 79,6,intensief,O,-,-
Sentence: 79,7,met,O,-,-
Sentence: 79,8,elkaar,O,-,-
Sentence: 79,9,gaan,O,-,-
Sentence: 79,10,samenwerken,O,-,-
Sentence: 79,11,en,O,-,-
Sentence: 79,12,zeggen,O,-,-
Sentence: 79,13,een,B-expression,pos,-
Sentence: 79,14,rol,I-expression,pos,-
Sentence: 79,15,te,I-expression,pos,-
Sentence: 79,16,willen,I-expression,pos,-
Sentence: 79,17,spelen,I-expression,pos,-
Sentence: 79,18,bij,I-expression,pos,-
Sentence: 79,19,de,B-target,-,13
Sentence: 79,20,versnelling,I-target,-,13
Sentence: 79,21,van,I-target,-,13
Sentence: 79,22,de,I-target,-,13
Sentence: 79,23,energietransitie,I-target,-,13
Sentence: 79,24,.,O,-,-
Sentence: 80,1,Ook,O,-,-
Sentence: 80,2,NPM,B-holder,-,4
Sentence: 80,3,Capital,I-holder,-,4
Sentence: 80,4,wil,B-expression,pos,-
Sentence: 80,5,meer,I-expression,pos,-
Sentence: 80,6,investeren,I-expression,pos,-
Sentence: 80,7,in,I-expression,pos,-
Sentence: 80,8,duurzame,B-target,-,4
Sentence: 80,9,energie,I-target,-,4
Sentence: 80,10,.,O,-,-
Sentence: 82,1,Toch,O,-,-
Sentence: 82,2,zag,B-expression,neg,-
Sentence: 82,3,Gates,B-holder,-,22
Sentence: 82,4,ook,O,-,-
Sentence: 82,5,een,I-expression,neg,-
Sentence: 82,6,probleem,I-expression,neg,-
Sentence: 82,7,dat,I-expression,neg,-
Sentence: 82,8,mensen,I-expression,neg,-
Sentence: 82,9,ervan,I-expression,neg,-
Sentence: 82,10,weerhoudt,I-expression,neg,-
Sentence: 82,11,om,I-expression,neg,-
Sentence: 82,12,een,B-target,-,2
Sentence: 82,13,elektrische,I-target,-,2
Sentence: 82,14,auto,I-target,-,2
Sentence: 82,15,te,I-expression,neg,-
Sentence: 82,16,kopen,I-expression,neg,-
Sentence: 82,17,:,I-expression,neg,-
Sentence: 82,18,het,I-expression,neg,-
Sentence: 82,19,beperkte,I-expression,neg,-
Sentence: 82,20,rijbereik,I-expression,neg,-
Sentence: 82,21,.,O,-,-
Sentence: 83,1,Het,O,-,-
Sentence: 83,2,is,O,-,-
Sentence: 83,3,mijn,O,-,-
Sentence: 83,4,eerste,O,-,-
Sentence: 83,5,elektrische,O,-,-
Sentence: 83,6,auto,O,-,-
Sentence: 83,7,en,O,-,-
Sentence: 83,8,ik,B-holder,-,9
Sentence: 83,9,geniet,B-expression,pos,-
Sentence: 83,10,er,B-target,-,9
Sentence: 83,11,erg,I-expression,pos,-
Sentence: 83,12,van,I-expression,pos,-
Sentence: 83,13,",",O,-,-
Sentence: 83,14,"""",O,-,-
Sentence: 83,15,zegt,O,-,-
Sentence: 83,16,hij,O,-,-
Sentence: 83,17,.,O,-,-
Sentence: 85,1,Een,O,-,-
Sentence: 85,2,grote,O,-,-
Sentence: 85,3,groep,O,-,-
Sentence: 85,4,omwonenden,O,-,-
Sentence: 85,5,heeft,O,-,-
Sentence: 85,6,gisteravond,O,-,-
Sentence: 85,7,al,O,-,-
Sentence: 85,8,bij,O,-,-
Sentence: 85,9,elkaar,O,-,-
Sentence: 85,10,gezeten,O,-,-
Sentence: 85,11,en,O,-,-
Sentence: 85,12,de,O,-,-
Sentence: 85,13,stemming,O,-,-
Sentence: 85,14,is,O,-,-
Sentence: 85,15,duidelijk,O,-,-
Sentence: 85,16,:,O,-,-
Sentence: 85,17,Wanneperveen,B-holder,-,18
Sentence: 85,18,wil,B-expression,neg,-
Sentence: 85,19,geen,I-expression,neg,-
Sentence: 85,20,grootschalig,B-target,-,18
Sentence: 85,21,zonnepark,I-target,-,18
Sentence: 85,22,in,I-target,-,18
Sentence: 85,23,het,I-target,-,18
Sentence: 85,24,buitengebied,I-target,-,18
Sentence: 85,25,.,O,-,-
Sentence: 86,1,Honderden,B-holder,-,3
Sentence: 86,2,inwoners,I-holder,-,3
Sentence: 86,3,lieten,B-expression,neg,-
Sentence: 86,4,woensdagavond,O,-,-
Sentence: 86,5,luidkeels,I-expression,neg,-
Sentence: 86,6,weten,I-expression,neg,-
Sentence: 86,7,dat,I-expression,neg,-
Sentence: 86,8,ze,O,-,-
Sentence: 86,9,geen,I-expression,neg,-
Sentence: 86,10,zonnepark,B-target,-,3
Sentence: 86,11,willen,I-expression,neg,-
Sentence: 86,12,in,I-target,-,3
Sentence: 86,13,hun,I-target,-,3
Sentence: 86,14,achtertuin,I-target,-,3
Sentence: 86,15,",",O,-,-
Sentence: 86,16,zo,O,-,-
Sentence: 86,17,dicht,O,-,-
Sentence: 86,18,bij,O,-,-
Sentence: 86,19,natuurgebied,O,-,-
Sentence: 86,20,de,O,-,-
Sentence: 86,21,Wieden,O,-,-
Sentence: 86,22,.,O,-,-
Sentence: 87,1,Een,B-target,-,10
Sentence: 87,2,grote,I-target,-,10
Sentence: 87,3,veiling,I-target,-,10
Sentence: 87,4,van,I-target,-,10
Sentence: 87,5,windenergie,I-target,-,10
Sentence: 87,6,op,I-target,-,10
Sentence: 87,7,land,I-target,-,10
Sentence: 87,8,in,I-target,-,10
Sentence: 87,9,Duitsland,I-target,-,10
Sentence: 87,10,is,B-expression,neg,-
Sentence: 87,11,de,O,-,-
Sentence: 87,12,afgelopen,O,-,-
Sentence: 87,13,maand,O,-,-
Sentence: 87,14,uitgelopen,I-expression,neg,-
Sentence: 87,15,op,I-expression,neg,-
Sentence: 87,16,een,I-expression,neg,-
Sentence: 87,17,zware,I-expression,neg,-
Sentence: 87,18,teleurstelling,I-expression,neg,-
Sentence: 87,19,.,O,-,-
Sentence: 88,1,Om,O,-,-
Sentence: 88,2,de,O,-,-
Sentence: 88,3,klimaatdoelen,O,-,-
Sentence: 88,4,te,O,-,-
Sentence: 88,5,halen,O,-,-
Sentence: 88,6,is,O,-,-
Sentence: 88,7,het,O,-,-
Sentence: 88,8,onverstandig,B-expression,pos,-
Sentence: 88,9,kernenergie,B-target,-,8
Sentence: 88,10,uit,I-expression,pos,-
Sentence: 88,11,te,I-expression,pos,-
Sentence: 88,12,sluiten,I-expression,pos,-
Sentence: 88,13,.,O,-,-
Sentence: 89,1,Kernenergie,B-target,-,2
Sentence: 89,2,laat,B-expression,neg,-
Sentence: 89,3,de,B-holder,-,2
Sentence: 89,4,EIB,I-holder,-,2
Sentence: 89,5,al,O,-,-
Sentence: 89,6,sinds,O,-,-
Sentence: 89,7,het,O,-,-
Sentence: 89,8,begin,O,-,-
Sentence: 89,9,van,O,-,-
Sentence: 89,10,de,O,-,-
Sentence: 89,11,jaren,O,-,-
Sentence: 89,12,negentig,O,-,-
Sentence: 89,13,links,I-expression,neg,-
Sentence: 89,14,liggen,I-expression,neg,-
Sentence: 89,15,.,O,-,-
Sentence: 90,1,In,O,-,-
Sentence: 90,2,haar,O,-,-
Sentence: 90,3,pure,O,-,-
Sentence: 90,4,",",O,-,-
Sentence: 90,5,solistische,O,-,-
Sentence: 90,6,gedaante,O,-,-
Sentence: 90,7,is,O,-,-
Sentence: 90,8,stikstof,B-target,-,9
Sentence: 90,9,een,B-expression,pos,-
Sentence: 90,10,onschadelijk,I-expression,pos,-
Sentence: 90,11,goedje,I-expression,pos,-
Sentence: 90,12,",",O,-,-
Sentence: 90,13,maar,O,-,-
Sentence: 90,14,zodra,B-expression,neg,-
Sentence: 90,15,de,B-target,-,14
Sentence: 90,16,stof,I-target,-,14
Sentence: 90,17,een,I-expression,neg,-
Sentence: 90,18,verbinding,I-expression,neg,-
Sentence: 90,19,aangaat,I-expression,neg,-
Sentence: 90,20,met,I-expression,neg,-
Sentence: 90,21,zuurstof,I-expression,neg,-
Sentence: 90,22,of,I-expression,neg,-
Sentence: 90,23,waterstof,I-expression,neg,-
Sentence: 90,24,begint,I-expression,neg,-
Sentence: 90,25,de,I-expression,neg,-
Sentence: 90,26,ellende,I-expression,neg,-
Sentence: 90,27,.,O,-,-
Sentence: 91,1,Van,B-holder,-,4
Sentence: 91,2,der,I-holder,-,4
Sentence: 91,3,Gaag,I-holder,-,4
Sentence: 91,4,betreurt,B-expression,neg,-
Sentence: 91,5,dat,O,-,-
Sentence: 91,6,Nederland,B-target,-,4
Sentence: 91,7,nu,I-target,-,4
Sentence: 91,8,zijn,I-target,-,4
Sentence: 91,9,doel,I-target,-,4
Sentence: 91,10,alleen,I-target,-,4
Sentence: 91,11,nog,I-target,-,4
Sentence: 91,12,maar,I-target,-,4
Sentence: 91,13,kan,I-target,-,4
Sentence: 91,14,halen,I-target,-,4
Sentence: 91,15,via,I-target,-,4
Sentence: 91,16,een,I-target,-,4
Sentence: 91,17,administratieve,I-target,-,4
Sentence: 91,18,overdracht,I-target,-,4
Sentence: 91,19,van,I-target,-,4
Sentence: 91,20,groene,I-target,-,4
Sentence: 91,21,energie,I-target,-,4
Sentence: 91,22,.,O,-,-
Sentence: 93,1,Openhouden,O,-,-
Sentence: 93,2,past,O,-,-
Sentence: 93,3,bovendien,O,-,-
Sentence: 93,4,in,O,-,-
Sentence: 93,5,de,B-expression,pos,-
Sentence: 93,6,groeiende,I-expression,pos,-
Sentence: 93,7,steun,I-expression,pos,-
Sentence: 93,8,voor,I-expression,pos,-
Sentence: 93,9,kernenergie,B-target,-,5
Sentence: 93,10,als,I-target,-,5
Sentence: 93,11,klimaatoplossing,I-target,-,5
Sentence: 93,12,.,O,-,-
Sentence: 95,1,Wat,B-target,-,11
Sentence: 95,2,boer,I-target,-,11
Sentence: 95,3,Waalkens,I-target,-,11
Sentence: 95,4,een,I-target,-,11
Sentence: 95,5,mooie,I-target,-,11
Sentence: 95,6,kans,I-target,-,11
Sentence: 95,7,leek,I-target,-,11
Sentence: 95,8,voor,I-target,-,11
Sentence: 95,9,een,I-target,-,11
Sentence: 95,10,zonnepark,I-target,-,11
Sentence: 95,11,is,B-expression,neg,-
Sentence: 95,12,uitgedraaid,I-expression,neg,-
Sentence: 95,13,op,I-expression,neg,-
Sentence: 95,14,een,I-expression,neg,-
Sentence: 95,15,klein,I-expression,neg,-
Sentence: 95,16,drama,I-expression,neg,-
Sentence: 95,17,.,O,-,-
Sentence: 96,1,Anderen,B-holder,-,2
Sentence: 96,2,betreuren,B-expression,neg,-
Sentence: 96,3,vooral,O,-,-
Sentence: 96,4,dat,I-expression,neg,-
Sentence: 96,5,de,B-target,-,2
Sentence: 96,6,energietransitie,I-target,-,2
Sentence: 96,7,de,I-expression,neg,-
Sentence: 96,8,gemeenschap,I-expression,neg,-
Sentence: 96,9,splijt,I-expression,neg,-
Sentence: 96,10,.,O,-,-
Sentence: 98,1,Volgens,O,-,-
Sentence: 98,2,activisten,B-holder,-,3
Sentence: 98,3,voldoet,B-expression,neg,-
Sentence: 98,4,de,B-target,-,3
Sentence: 98,5,ruim,I-target,-,3
Sentence: 98,6,veertig,I-target,-,3
Sentence: 98,7,jaar,I-target,-,3
Sentence: 98,8,oude,I-target,-,3
Sentence: 98,9,kerncentrale,I-target,-,3
Sentence: 98,10,niet,I-expression,neg,-
Sentence: 98,11,aan,I-expression,neg,-
Sentence: 98,12,de,I-expression,neg,-
Sentence: 98,13,veiligheidsstandaarden,I-expression,neg,-
Sentence: 98,14,.,O,-,-
Sentence: 99,1,En,O,-,-
Sentence: 99,2,tijdens,O,-,-
Sentence: 99,3,de,O,-,-
Sentence: 99,4,verkiezingscampagne,O,-,-
Sentence: 99,5,van,O,-,-
Sentence: 99,6,1989,O,-,-
Sentence: 99,7,spreekt,B-expression,neg,-
Sentence: 99,8,Ruud,B-holder,-,7
Sentence: 99,9,Lubbers,I-holder,-,7
Sentence: 99,10,(,O,-,-
Sentence: 99,11,CDA,O,-,-
Sentence: 99,12,),O,-,-
Sentence: 99,13,het,I-expression,neg,-
Sentence: 99,14,voornemen,I-expression,neg,-
Sentence: 99,15,uit,I-expression,neg,-
Sentence: 99,16,om,I-expression,neg,-
Sentence: 99,17,de,B-target,-,7
Sentence: 99,18,CO2,I-target,-,7
Sentence: 99,19,uitstoot,I-target,-,7
Sentence: 99,20,in,I-target,-,7
Sentence: 99,21,Nederland,I-target,-,7
Sentence: 99,22,met,I-expression,neg,-
Sentence: 99,23,2,I-expression,neg,-
Sentence: 99,24,procent,I-expression,neg,-
Sentence: 99,25,per,I-expression,neg,-
Sentence: 99,26,jaar,I-expression,neg,-
Sentence: 99,27,te,I-expression,neg,-
Sentence: 99,28,verminderen,I-expression,neg,-
Sentence: 99,29,.,O,-,-
Sentence: 100,1,Een,B-holder,-,7
Sentence: 100,2,meerderheid,I-holder,-,7
Sentence: 100,3,in,I-holder,-,7
Sentence: 100,4,de,I-holder,-,7
Sentence: 100,5,Tweede,I-holder,-,7
Sentence: 100,6,Kamer,I-holder,-,7
Sentence: 100,7,stemt,B-expression,pos,-
Sentence: 100,8,kort,O,-,-
Sentence: 100,9,na,O,-,-
Sentence: 100,10,publicatie,O,-,-
Sentence: 100,11,tégen,I-expression,pos,-
Sentence: 100,12,het,I-expression,pos,-
Sentence: 100,13,nemen,I-expression,pos,-
Sentence: 100,14,van,I-expression,pos,-
Sentence: 100,15,maatregelen,I-expression,pos,-
Sentence: 100,16,om,I-expression,pos,-
Sentence: 100,17,de,B-target,-,7
Sentence: 100,18,CO2,I-target,-,7
Sentence: 100,19,uitstoot,I-target,-,7
Sentence: 100,20,te,I-expression,pos,-
Sentence: 100,21,beperken,I-expression,pos,-
Sentence: 100,22,.,O,-,-
Sentence: 102,1,Volgens,O,-,-
Sentence: 102,2,Van,B-holder,-,6
Sentence: 102,3,Loon,I-holder,-,6
Sentence: 102,4,is,O,-,-
Sentence: 102,5,het,O,-,-
Sentence: 102,6,belangrijk,B-expression,pos,-
Sentence: 102,7,dat,I-expression,pos,-
Sentence: 102,8,de,I-expression,pos,-
Sentence: 102,9,samenleving,I-expression,pos,-
Sentence: 102,10,zich,I-expression,pos,-
Sentence: 102,11,richt,I-expression,pos,-
Sentence: 102,12,op,I-expression,pos,-
Sentence: 102,13,het,I-expression,pos,-
Sentence: 102,14,bereiken,I-expression,pos,-
Sentence: 102,15,van,I-expression,pos,-
Sentence: 102,16,de,B-target,-,6
Sentence: 102,17,doelen,I-target,-,6
Sentence: 102,18,van,I-target,-,6
Sentence: 102,19,het,I-target,-,6
Sentence: 102,20,klimaatakkoord,I-target,-,6
Sentence: 102,21,van,I-target,-,6
Sentence: 102,22,Parijs,I-target,-,6
Sentence: 102,23,.,O,-,-
Sentence: 104,1,Om,O,-,-
Sentence: 104,2,deze,O,-,-
Sentence: 104,3,redenen,O,-,-
Sentence: 104,4,wil,B-expression,pos,-
Sentence: 104,5,de,B-holder,-,4
Sentence: 104,6,Christen,I-holder,-,4
Sentence: 104,7,Unie,I-holder,-,4
Sentence: 104,8,inzetten,I-expression,pos,-
Sentence: 104,9,op,I-expression,pos,-
Sentence: 104,10,energie,B-target,-,4
Sentence: 104,11,dat,I-target,-,4
Sentence: 104,12,op,I-target,-,4
Sentence: 104,13,een,I-target,-,4
Sentence: 104,14,andere,I-target,-,4
Sentence: 104,15,manier,I-target,-,4
Sentence: 104,16,is,I-target,-,4
Sentence: 104,17,opgewekt,I-target,-,4
Sentence: 104,18,:,I-target,-,4
Sentence: 104,19,de,I-target,-,4
Sentence: 104,20,energietransitie,I-target,-,4
Sentence: 104,21,.,O,-,-
Sentence: 105,1,Daarom,O,-,-
Sentence: 105,2,wil,B-expression,pos,-
Sentence: 105,3,de,B-holder,-,2
Sentence: 105,4,Christen,I-holder,-,2
Sentence: 105,5,Unie,I-holder,-,2
Sentence: 105,6,inzetten,I-expression,pos,-
Sentence: 105,7,op,I-expression,pos,-
Sentence: 105,8,de,B-target,-,2
Sentence: 105,9,energietransitie,I-target,-,2
Sentence: 105,10,.,O,-,-
Sentence: 106,1,Sommige,B-holder,-,11
Sentence: 106,2,tegenstanders,I-holder,-,11
Sentence: 106,3,van,I-holder,-,11
Sentence: 106,4,het,I-holder,-,11
Sentence: 106,5,Franse,I-holder,-,11
Sentence: 106,6,klimaatbeleid,I-holder,-,11
Sentence: 106,7,spreken,O,-,-
Sentence: 106,8,daarom,O,-,-
Sentence: 106,9,van,O,-,-
Sentence: 106,10,‘,O,-,-
Sentence: 106,11,het,B-expression,neg,-
Sentence: 106,12,verraad,I-expression,neg,-
Sentence: 106,13,van,I-expression,neg,-
Sentence: 106,14,de,I-expression,neg,-
Sentence: 106,15,energietransitie,I-expression,neg,-
Sentence: 106,16,’,O,-,-
Sentence: 106,17,.,O,-,-
Sentence: 107,1,Tot,O,-,-
Sentence: 107,2,de,O,-,-
Sentence: 107,3,uitkomst,O,-,-
Sentence: 107,4,van,O,-,-
Sentence: 107,5,dat,O,-,-
Sentence: 107,6,onderzoek,O,-,-
Sentence: 107,7,blijft,O,-,-
Sentence: 107,8,biomassa,B-target,-,10
Sentence: 107,9,‘,O,-,-
Sentence: 107,10,een,B-expression,pos,-
Sentence: 107,11,geschikte,I-expression,pos,-
Sentence: 107,12,alternatieve,I-expression,pos,-
Sentence: 107,13,energiebron,I-expression,pos,-
Sentence: 107,14,’,O,-,-
Sentence: 107,15,voor,O,-,-
Sentence: 107,16,Zwolle,B-holder,-,10
Sentence: 107,17,",",O,-,-
Sentence: 107,18,laat,O,-,-
Sentence: 107,19,wethouder,O,-,-
Sentence: 107,20,Schuttenbeld,O,-,-
Sentence: 107,21,schriftelijk,O,-,-
Sentence: 107,22,weten,O,-,-
Sentence: 107,23,aan,O,-,-
Sentence: 107,24,de,O,-,-
Sentence: 107,25,Stentor,O,-,-
Sentence: 107,26,.,O,-,-
Sentence: 108,1,Daarmee,O,-,-
Sentence: 108,2,ontstaat,B-expression,neg,-
Sentence: 108,3,bij,O,-,-
Sentence: 108,4,hen,O,-,-
Sentence: 108,5,het,I-expression,neg,-
Sentence: 108,6,angstbeeld,I-expression,neg,-
Sentence: 108,7,dat,I-expression,neg,-
Sentence: 108,8,je,I-expression,neg,-
Sentence: 108,9,met,O,-,-
Sentence: 108,10,een,B-target,-,2
Sentence: 108,11,elektrische,I-target,-,2
Sentence: 108,12,auto,I-target,-,2
Sentence: 108,13,zomaar,I-expression,neg,-
Sentence: 108,14,een,I-expression,neg,-
Sentence: 108,15,half,I-expression,neg,-
Sentence: 108,16,uur,I-expression,neg,-
Sentence: 108,17,verliest,I-expression,neg,-
Sentence: 108,19,aan,I-expression,neg,-
Sentence: 108,20,de,I-expression,neg,-
Sentence: 108,21,pomp,I-expression,neg,-
Sentence: 108,23,.,O,-,-
Sentence: 109,1,De,B-target,-,7
Sentence: 109,2,elektrische,I-target,-,7
Sentence: 109,3,auto,I-target,-,7
Sentence: 109,4,zou,O,-,-
Sentence: 109,5,volgens,O,-,-
Sentence: 109,6,Meiborg,B-holder,-,7
Sentence: 109,7,niet,B-expression,pos,-
Sentence: 109,8,als,O,-,-
Sentence: 109,9,het,I-expression,pos,-
Sentence: 109,10,probleem,I-expression,pos,-
Sentence: 109,11,gezien,O,-,-
Sentence: 109,12,moeten,O,-,-
Sentence: 109,13,worden,O,-,-
Sentence: 109,14,",",O,-,-
Sentence: 109,15,maar,I-expression,pos,-
Sentence: 109,16,juist,O,-,-
Sentence: 109,17,als,O,-,-
Sentence: 109,18,onderdeel,I-expression,pos,-
Sentence: 109,19,van,I-expression,pos,-
Sentence: 109,20,de,I-expression,pos,-
Sentence: 109,21,oplossing,I-expression,pos,-
Sentence: 109,22,.,O,-,-
Sentence: 110,1,Als,O,-,-
Sentence: 110,2,het,O,-,-
Sentence: 110,3,aan,O,-,-
Sentence: 110,4,het,B-holder,-,14
Sentence: 110,5,merendeel,I-holder,-,14
Sentence: 110,6,van,I-holder,-,14
Sentence: 110,7,de,I-holder,-,14
Sentence: 110,8,inwoners,I-holder,-,14
Sentence: 110,9,van,I-holder,-,14
Sentence: 110,10,Olst,I-holder,-,14
Sentence: 110,11,Wijhe,I-holder,-,14
Sentence: 110,12,ligt,O,-,-
Sentence: 110,13,",",O,-,-
Sentence: 110,14,worden,B-expression,neg,-
Sentence: 110,15,er,I-expression,neg,-
Sentence: 110,16,geen,I-expression,neg,-
Sentence: 110,17,grote,B-target,-,14
Sentence: 110,18,windmolens,I-target,-,14
Sentence: 110,19,binnen,I-target,-,14
Sentence: 110,20,de,I-target,-,14
Sentence: 110,21,gemeentegrens,I-target,-,14
Sentence: 110,22,gebouwd,I-expression,neg,-
Sentence: 110,23,.,O,-,-
Sentence: 111,1,Slechts,B-holder,-,5
Sentence: 111,2,een,I-holder,-,5
Sentence: 111,3,handjevol,I-holder,-,5
Sentence: 111,4,insprekers,I-holder,-,5
Sentence: 111,5,ziet,B-expression,pos,-
Sentence: 111,6,de,B-target,-,5
Sentence: 111,7,komst,I-target,-,5
Sentence: 111,8,van,I-target,-,5
Sentence: 111,9,de,I-target,-,5
Sentence: 111,10,windmolens,I-target,-,5
Sentence: 111,11,zitten,I-expression,pos,-
Sentence: 111,12,.,O,-,-
Sentence: 112,1,Er,B-expression,neg,-
Sentence: 112,2,zijn,I-expression,neg,-
Sentence: 112,3,door,O,-,-
Sentence: 112,4,inwoners,B-holder,-,1
Sentence: 112,5,negentig,I-expression,neg,-
Sentence: 112,6,zienswijzen,I-expression,neg,-
Sentence: 112,7,",",O,-,-
Sentence: 112,8,waaronder,I-expression,neg,-
Sentence: 112,9,veel,I-expression,neg,-
Sentence: 112,10,bezwaren,I-expression,neg,-
Sentence: 112,11,tegen,I-expression,neg,-
Sentence: 112,12,de,B-target,-,1
Sentence: 112,13,komst,I-target,-,1
Sentence: 112,14,van,I-target,-,1
Sentence: 112,15,de,I-target,-,1
Sentence: 112,16,windmolens,I-target,-,1
Sentence: 112,17,",",O,-,-
Sentence: 112,18,ingediend,I-expression,neg,-
Sentence: 112,19,.,O,-,-
Sentence: 113,1,Er,B-expression,neg,-
Sentence: 113,2,is,I-expression,neg,-
Sentence: 113,3,veel,I-expression,neg,-
Sentence: 113,4,onduidelijkheid,I-expression,neg,-
Sentence: 113,5,en,I-expression,neg,-
Sentence: 113,6,ongerustheid,I-expression,neg,-
Sentence: 113,7,over,I-expression,neg,-
Sentence: 113,8,de,B-target,-,1
Sentence: 113,9,komst,I-target,-,1
Sentence: 113,10,van,I-target,-,1
Sentence: 113,11,de,I-target,-,1
Sentence: 113,12,grote,I-target,-,1
Sentence: 113,13,windturbines,I-target,-,1
Sentence: 113,14,.,O,-,-
Sentence: 114,1,Ze,B-holder,-,2
Sentence: 114,2,zien,B-expression,neg,-
Sentence: 114,3,liever,I-expression,neg,-
Sentence: 114,4,dat,I-expression,neg,-
Sentence: 114,5,de,I-expression,neg,-
Sentence: 114,6,gemeente,I-expression,neg,-
Sentence: 114,7,op,I-expression,neg,-
Sentence: 114,8,zoek,I-expression,neg,-
Sentence: 114,9,gaat,I-expression,neg,-
Sentence: 114,10,naar,I-expression,neg,-
Sentence: 114,11,alternatieven,I-expression,neg,-
Sentence: 114,12,voor,I-expression,neg,-
Sentence: 114,13,de,B-target,-,2
Sentence: 114,14,windenergie,I-target,-,2
Sentence: 114,15,.,O,-,-
Sentence: 116,1,Wethouder,B-holder,-,4
Sentence: 116,2,Marcel,I-holder,-,4
Sentence: 116,3,Blind,I-holder,-,4
Sentence: 116,4,was,B-expression,neg,-
Sentence: 116,5,gisteren,O,-,-
Sentence: 116,6,niet,I-expression,neg,-
Sentence: 116,7,onder,I-expression,neg,-
Sentence: 116,8,de,I-expression,neg,-
Sentence: 116,9,indruk,I-expression,neg,-
Sentence: 116,10,van,I-expression,neg,-
Sentence: 116,11,de,B-target,-,4
Sentence: 116,12,vele,I-target,-,4
Sentence: 116,13,bezwaren,I-target,-,4
Sentence: 116,14,tegen,I-target,-,4
Sentence: 116,15,de,I-target,-,4
Sentence: 116,16,komst,I-target,-,4
Sentence: 116,17,van,I-target,-,4
Sentence: 116,18,de,I-target,-,4
Sentence: 116,19,windturbines,I-target,-,4
Sentence: 116,20,.,O,-,-
Sentence: 117,1,Volgens,B-holder,-,4
Sentence: 117,2,Gemeentebelang,I-holder,-,4
Sentence: 117,3,Deventer,I-holder,-,4
Sentence: 117,4,waren,B-expression,neg,-
Sentence: 117,5,er,I-expression,neg,-
Sentence: 117,6,vooral,I-expression,neg,-
Sentence: 117,7,zorgen,I-expression,neg,-
Sentence: 117,8,om,I-expression,neg,-
Sentence: 117,9,het,B-target,-,4
Sentence: 117,10,gebruik,I-target,-,4
Sentence: 117,11,van,I-target,-,4
Sentence: 117,12,landbouwgrond,I-target,-,4
Sentence: 117,13,voor,I-target,-,4
Sentence: 117,14,zonneparken,I-target,-,4
Sentence: 117,15,.,O,-,-
Sentence: 120,1,De,B-target,-,6
Sentence: 120,2,uitstoot,I-target,-,6
Sentence: 120,3,van,I-target,-,6
Sentence: 120,4,CO2,I-target,-,6
Sentence: 120,5,is,O,-,-
Sentence: 120,6,goed,B-expression,pos,-
Sentence: 120,7,voor,I-expression,pos,-
Sentence: 120,8,bomen,I-expression,pos,-
Sentence: 120,9,",",O,-,-
Sentence: 120,10,zei,O,-,-
Sentence: 120,11,de,B-holder,-,6
Sentence: 120,12,grote,I-holder,-,6
Sentence: 120,13,geleerde,I-holder,-,6
Sentence: 120,14,.,O,-,-
Sentence: 121,1,Het,B-target,-,11
Sentence: 121,2,opwekken,I-target,-,11
Sentence: 121,3,van,I-target,-,11
Sentence: 121,4,energie,I-target,-,11
Sentence: 121,5,uit,I-target,-,11
Sentence: 121,6,houtige,I-target,-,11
Sentence: 121,7,biomassa,I-target,-,11
Sentence: 121,8,is,O,-,-
Sentence: 121,9,volgens,O,-,-
Sentence: 121,10,Broekhuis,B-holder,-,11
Sentence: 121,11,niet,B-expression,neg,-
Sentence: 121,12,efficiënt,I-expression,neg,-
Sentence: 121,13,.,O,-,-
Sentence: 122,1,Het,B-target,-,6
Sentence: 122,2,vervangen,I-target,-,6
Sentence: 122,3,door,I-target,-,6
Sentence: 122,4,groene,I-target,-,6
Sentence: 122,5,waterstof,I-target,-,6
Sentence: 122,6,draagt,B-expression,pos,-
Sentence: 122,7,volgens,O,-,-
Sentence: 122,8,Shell,B-holder,-,6
Sentence: 122,9,en,O,-,-
Sentence: 122,10,Gasunie,B-holder,-,6
Sentence: 122,11,serieus,I-expression,pos,-
Sentence: 122,12,bij,I-expression,pos,-
Sentence: 122,13,aan,I-expression,pos,-
Sentence: 122,14,de,I-expression,pos,-
Sentence: 122,15,verduurzaming,I-expression,pos,-
Sentence: 122,16,van,I-expression,pos,-
Sentence: 122,17,de,I-expression,pos,-
Sentence: 122,18,industrie,I-expression,pos,-
Sentence: 122,19,.,O,-,-
Sentence: 123,1,Van,B-holder,-,4
Sentence: 123,2,der,I-holder,-,4
Sentence: 123,3,Molen,I-holder,-,4
Sentence: 123,4,is,B-expression,pos,-
Sentence: 123,5,enthousiast,I-expression,pos,-
Sentence: 123,6,over,I-expression,pos,-
Sentence: 123,7,het,B-target,-,4
Sentence: 123,8,project,I-target,-,4
Sentence: 123,9,en,O,-,-
Sentence: 123,10,over,O,-,-
Sentence: 123,11,waterstof,B-target,-,4
Sentence: 123,12,als,I-target,-,4
Sentence: 123,13,vervanger,I-target,-,4
Sentence: 123,14,voor,I-target,-,4
Sentence: 123,15,aardgas,I-target,-,4
Sentence: 123,16,in,I-target,-,4
Sentence: 123,17,huis,I-target,-,4
Sentence: 123,18,.,O,-,-
Sentence: 124,1,Hij,B-holder,-,7
Sentence: 124,2,rijdt,O,-,-
Sentence: 124,3,een,O,-,-
Sentence: 124,4,elektrische,O,-,-
Sentence: 124,5,auto,O,-,-
Sentence: 124,6,en,O,-,-
Sentence: 124,7,heeft,B-expression,pos,-
Sentence: 124,8,plannen,I-expression,pos,-
Sentence: 124,9,voor,I-expression,pos,-
Sentence: 124,10,een,B-target,-,7
Sentence: 124,11,klein,I-target,-,7
Sentence: 124,12,zonneparkje,I-target,-,7
Sentence: 124,13,op,I-target,-,7
Sentence: 124,14,een,I-target,-,7
Sentence: 124,15,open,I-target,-,7
Sentence: 124,16,veld,I-target,-,7
Sentence: 124,17,in,I-target,-,7
Sentence: 124,18,zijn,I-target,-,7
Sentence: 124,19,bezit,I-target,-,7
Sentence: 124,20,.,O,-,-
Sentence: 125,1,Martien,B-holder,-,16
Sentence: 125,2,Visser,I-holder,-,16
Sentence: 125,3,",",O,-,-
Sentence: 125,4,docent,O,-,-
Sentence: 125,5,energietransitie,O,-,-
Sentence: 125,6,aan,O,-,-
Sentence: 125,7,de,O,-,-
Sentence: 125,8,Hanzehogeschool,O,-,-
Sentence: 125,9,in,O,-,-
Sentence: 125,10,Groningen,O,-,-
Sentence: 125,11,",",O,-,-
Sentence: 125,12,noemt,O,-,-
Sentence: 125,13,dat,B-target,-,16
Sentence: 125,14,laatste,I-target,-,16
Sentence: 125,16,spectaculair,B-expression,pos,-
Sentence: 125,18,.,O,-,-
Sentence: 126,1,Wij,B-holder,-,4
Sentence: 126,2,Duurzaam,I-holder,-,4
Sentence: 126,3,Staphorst,I-holder,-,4
Sentence: 126,4,wil,B-expression,pos,-
Sentence: 126,5,de,B-target,-,4
Sentence: 126,6,transitie,I-target,-,4
Sentence: 126,7,naar,I-target,-,4
Sentence: 126,8,duurzame,I-target,-,4
Sentence: 126,9,energie,I-target,-,4
Sentence: 126,10,ondersteunen,I-expression,pos,-
Sentence: 126,11,door,O,-,-
Sentence: 126,12,projecten,O,-,-
Sentence: 126,13,.,O,-,-
Sentence: 127,1,Kernenergie,B-target,-,6
Sentence: 127,2,wordt,O,-,-
Sentence: 127,3,dan,O,-,-
Sentence: 127,4,gezien,O,-,-
Sentence: 127,5,als,O,-,-
Sentence: 127,6,een,B-expression,neg,-
Sentence: 127,7,gevaar,I-expression,neg,-
Sentence: 127,8,voor,I-expression,neg,-
Sentence: 127,9,het,I-expression,neg,-
Sentence: 127,10,voortbestaan,I-expression,neg,-
Sentence: 127,11,van,I-expression,neg,-
Sentence: 127,12,de,I-expression,neg,-
Sentence: 127,13,mensheid,I-expression,neg,-
Sentence: 127,14,en,O,-,-
Sentence: 127,15,vooral,O,-,-
Sentence: 127,16,links,B-holder,-,18
Sentence: 127,17,Nederland,I-holder,-,18
Sentence: 127,18,loopt,B-expression,neg,-
Sentence: 127,19,er,B-target,-,18
Sentence: 127,20,tegen,I-expression,neg,-
Sentence: 127,21,te,I-expression,neg,-
Sentence: 127,22,hoop,I-expression,neg,-
Sentence: 127,23,.,O,-,-
Sentence: 129,1,Het,B-holder,-,13
Sentence: 129,2,onderzoekscentrum,I-holder,-,13
Sentence: 129,3,kernenergie,I-holder,-,13
Sentence: 129,4,Laka,I-holder,-,13
Sentence: 129,5,houdt,O,-,-
Sentence: 129,6,zaterdagmiddag,O,-,-
Sentence: 129,7,29,O,-,-
Sentence: 129,8,februari,O,-,-
Sentence: 129,9,onder,O,-,-
Sentence: 129,10,de,O,-,-
Sentence: 129,11,noemer,O,-,-
Sentence: 129,12,’,O,-,-
Sentence: 129,13,50,B-expression,neg,-
Sentence: 129,14,jaar,I-expression,neg,-
Sentence: 129,15,Urenco,B-target,-,13
Sentence: 129,16,is,I-expression,neg,-
Sentence: 129,17,genoeg,I-expression,neg,-
Sentence: 129,18,’,O,-,-
Sentence: 129,19,een,O,-,-
Sentence: 129,20,conferentie,O,-,-
Sentence: 129,21,in,O,-,-
Sentence: 129,22,het,O,-,-
Sentence: 129,23,Theaterhotel,O,-,-
Sentence: 129,24,Almelo,O,-,-
Sentence: 129,25,.,O,-,-
Sentence: 130,1,Omwonenden,B-holder,-,8
Sentence: 130,2,van,I-holder,-,8
Sentence: 130,3,windmolenpark,I-holder,-,8
Sentence: 130,4,De,I-holder,-,8
Sentence: 130,5,Veenwieken,I-holder,-,8
Sentence: 130,6,bij,I-holder,-,8
Sentence: 130,7,Ommen,I-holder,-,8
Sentence: 130,8,klagen,B-expression,neg,-
Sentence: 130,9,over,I-expression,neg,-
Sentence: 130,10,de,B-target,-,8
Sentence: 130,11,constante,I-target,-,8
Sentence: 130,12,slagschaduw,I-target,-,8
Sentence: 130,13,in,I-target,-,8
Sentence: 130,14,hun,I-target,-,8
Sentence: 130,15,huizen,I-target,-,8
Sentence: 130,16,die,I-target,-,8
Sentence: 130,17,de,I-target,-,8
Sentence: 130,18,draaiende,I-target,-,8
Sentence: 130,19,wieken,I-target,-,8
Sentence: 130,20,van,I-target,-,8
Sentence: 130,21,de,I-target,-,8
Sentence: 130,22,windturbines,I-target,-,8
Sentence: 130,23,veroorzaken,I-target,-,8
Sentence: 130,24,.,O,-,-
Sentence: 131,1,Nu,O,-,-
Sentence: 131,2,ervaren,B-expression,neg,-
Sentence: 131,3,ze,B-holder,-,2
Sentence: 131,4,overlast,I-expression,neg,-
Sentence: 131,5,van,I-expression,neg,-
Sentence: 131,6,de,B-target,-,2
Sentence: 131,7,draaiende,I-target,-,2
Sentence: 131,8,windmolens,I-target,-,2
Sentence: 131,9,die,I-target,-,2
Sentence: 131,10,op,I-target,-,2
Sentence: 131,11,een,I-target,-,2
Sentence: 131,12,perceel,I-target,-,2
Sentence: 131,13,staan,I-target,-,2
Sentence: 131,14,dat,I-target,-,2
Sentence: 131,15,ligt,I-target,-,2
Sentence: 131,16,op,I-target,-,2
Sentence: 131,17,het,I-target,-,2
Sentence: 131,18,grondgebied,I-target,-,2
Sentence: 131,19,van,I-target,-,2
Sentence: 131,20,de,I-target,-,2
Sentence: 131,21,gemeenten,I-target,-,2
Sentence: 131,22,Hardenberg,I-target,-,2
Sentence: 131,23,en,I-target,-,2
Sentence: 131,24,Ommen,I-target,-,2
Sentence: 131,25,.,O,-,-
Sentence: 132,1,Liever,B-expression,pos,-
Sentence: 132,2,was,O,-,-
Sentence: 132,3,hij,B-holder,-,1
Sentence: 132,4,zelfstandig,B-target,-,1
Sentence: 132,5,gegaan,I-target,-,1
Sentence: 132,6,met,I-target,-,1
Sentence: 132,7,de,I-target,-,1
Sentence: 132,8,Traaise,I-target,-,1
Sentence: 132,9,windmolen,I-target,-,1
Sentence: 132,10,",",O,-,-
Sentence: 132,11,omdat,O,-,-
Sentence: 132,12,aan,O,-,-
Sentence: 132,13,de,O,-,-
Sentence: 132,14,flanken,O,-,-
Sentence: 132,15,van,O,-,-
Sentence: 132,16,de,O,-,-
Sentence: 132,17,A16,O,-,-
Sentence: 132,18,niet,B-holder,-,20
Sentence: 132,19,iedereen,I-holder,-,20
Sentence: 132,20,blij,B-expression,pos,-
Sentence: 132,21,is,I-expression,pos,-
Sentence: 132,22,met,I-expression,pos,-
Sentence: 132,23,de,B-target,-,20
Sentence: 132,24,komst,I-target,-,20
Sentence: 132,25,van,I-target,-,20
Sentence: 132,26,de,I-target,-,20
Sentence: 132,27,molenwieken,I-target,-,20
Sentence: 132,28,.,O,-,-
Sentence: 133,1,Het,B-expression,neg,-
Sentence: 133,2,volksverzet,I-expression,neg,-
Sentence: 133,3,tegen,I-expression,neg,-
Sentence: 133,4,honderden,B-target,-,1
Sentence: 133,5,in,I-target,-,1
Sentence: 133,6,Nederland,I-target,-,1
Sentence: 133,7,geplande,I-target,-,1
Sentence: 133,8,biomassacentrales,I-target,-,1
Sentence: 133,9,groeit,I-expression,neg,-
Sentence: 133,10,.,O,-,-
Sentence: 135,1,In,O,-,-
Sentence: 135,2,1978,O,-,-
Sentence: 135,3,waren,B-expression,neg,-
Sentence: 135,4,de,I-expression,neg,-
Sentence: 135,5,protesten,I-expression,neg,-
Sentence: 135,6,tegen,I-expression,neg,-
Sentence: 135,7,de,B-target,-,3
Sentence: 135,8,productie,B-target,-,3
Sentence: 135,9,van,B-target,-,3
Sentence: 135,10,verrijkt,B-target,-,3
Sentence: 135,11,uranium,B-target,-,3
Sentence: 135,12,op,I-expression,neg,-
Sentence: 135,13,hun,I-expression,neg,-
Sentence: 135,14,hoogtepunt,I-expression,neg,-
Sentence: 135,15,:,O,-,-
Sentence: 135,16,meer,B-holder,-,24
Sentence: 135,17,dan,I-holder,-,24
Sentence: 135,18,40.000,I-holder,-,24
Sentence: 135,19,demonstranten,I-holder,-,24
Sentence: 135,20,overspoelden,O,-,-
Sentence: 135,21,Almelo,O,-,-
Sentence: 135,22,om,O,-,-
Sentence: 135,23,te,O,-,-
Sentence: 135,24,demonstreren,B-expression,neg,-
Sentence: 135,25,tegen,I-expression,neg,-
Sentence: 135,26,kernenergie,B-target,-,24
Sentence: 135,27,.,O,-,-
Sentence: 136,1,Vijf,O,-,-
Sentence: 136,2,decennia,O,-,-
Sentence: 136,3,na,O,-,-
Sentence: 136,4,ondertekening,O,-,-
Sentence: 136,5,van,O,-,-
Sentence: 136,6,het,O,-,-
Sentence: 136,7,Verdrag,O,-,-
Sentence: 136,8,van,O,-,-
Sentence: 136,9,Almelo,O,-,-
Sentence: 136,10,is,B-expression,neg,-
Sentence: 136,11,er,I-expression,neg,-
Sentence: 136,12,voor,O,-,-
Sentence: 136,13,de,B-holder,-,10
Sentence: 136,14,tegenstanders,I-holder,-,10
Sentence: 136,15,van,I-holder,-,10
Sentence: 136,16,kernenergie,I-holder,-,10
Sentence: 136,17,geen,I-expression,neg,-
Sentence: 136,18,reden,I-expression,neg,-
Sentence: 136,19,voor,I-expression,neg,-
Sentence: 136,20,een,I-expression,neg,-
Sentence: 136,21,feestje,I-expression,neg,-
Sentence: 136,22,.,O,-,-
Sentence: 137,1,Ondanks,O,-,-
Sentence: 137,2,het,O,-,-
Sentence: 137,3,gebrek,O,-,-
Sentence: 137,4,aan,O,-,-
Sentence: 137,5,fysieke,O,-,-
Sentence: 137,6,betrokkenheid,O,-,-
Sentence: 137,7,wordt,B-expression,neg,-
Sentence: 137,8,er,I-expression,neg,-
Sentence: 137,9,nog,I-expression,neg,-
Sentence: 137,10,steeds,I-expression,neg,-
Sentence: 137,11,gedemonstreerd,I-expression,neg,-
Sentence: 137,12,tegen,I-expression,neg,-
Sentence: 137,13,kernenergie,B-target,-,7
Sentence: 137,14,.,O,-,-
Sentence: 138,1,Wanneer,O,-,-
Sentence: 138,2,de,B-target,-,4
Sentence: 138,3,energierekening,I-target,-,4
Sentence: 138,4,te,B-expression,neg,-
Sentence: 138,5,veel,I-expression,neg,-
Sentence: 138,6,stijgt,I-expression,neg,-
Sentence: 138,7,",",O,-,-
Sentence: 138,8,zullen,O,-,-
Sentence: 138,9,mensen,B-holder,-,10
Sentence: 138,10,protesteren,B-expression,neg,-
Sentence: 138,11,en,O,-,-
Sentence: 138,12,daalt,I-expression,neg,-
Sentence: 138,13,het,I-expression,neg,-
Sentence: 138,14,draagvlak,I-expression,neg,-
Sentence: 138,15,voor,I-expression,neg,-
Sentence: 138,16,de,B-target,-,12
Sentence: 138,17,politiek,I-target,-,12
Sentence: 138,18,ambitieus,I-target,-,12
Sentence: 138,19,ingezette,I-target,-,12
Sentence: 138,20,energietransitie,I-target,-,12
Sentence: 138,21,.,O,-,-
Sentence: 139,1,Daarin,O,-,-
Sentence: 139,2,maakt,O,-,-
Sentence: 139,3,hij,O,-,-
Sentence: 139,4,bekend,O,-,-
Sentence: 139,5,dat,O,-,-
Sentence: 139,6,EZ,B-holder,-,9
Sentence: 139,7,dit,O,-,-
Sentence: 139,8,najaar,O,-,-
Sentence: 139,9,€,B-expression,pos,-
Sentence: 139,10,5,I-expression,pos,-
Sentence: 139,11,mrd,I-expression,pos,-
Sentence: 139,12,uitdeelt,I-expression,pos,-
Sentence: 139,13,om,I-expression,pos,-
Sentence: 139,14,de,B-target,-,9
Sentence: 139,15,energietransitie,I-target,-,9
Sentence: 139,16,te,I-expression,pos,-
Sentence: 139,17,bevorderen,I-expression,pos,-
Sentence: 139,18,.,O,-,-
Sentence: 140,1,De,B-holder,-,4
Sentence: 140,2,Groningse,I-holder,-,4
Sentence: 140,3,hoogleraar,I-holder,-,4
Sentence: 140,4,is,B-expression,pos,-
Sentence: 140,5,het,I-expression,pos,-
Sentence: 140,6,eens,I-expression,pos,-
Sentence: 140,7,met,I-expression,pos,-
Sentence: 140,8,het,B-target,-,4
Sentence: 140,9,uitgangspunt,I-target,-,4
Sentence: 140,10,dat,I-target,-,4
Sentence: 140,11,verbruikers,I-target,-,4
Sentence: 140,12,betalen,I-target,-,4
Sentence: 140,13,voor,I-target,-,4
Sentence: 140,14,de,I-target,-,4
Sentence: 140,15,energietransitie,I-target,-,4
Sentence: 140,16,.,O,-,-
Sentence: 141,1,De,B-holder,-,6
Sentence: 141,2,VVD,I-holder,-,6
Sentence: 141,3,fractie,I-holder,-,6
Sentence: 141,4,in,I-holder,-,6
Sentence: 141,5,Overijssel,I-holder,-,6
Sentence: 141,6,spreekt,B-expression,pos,-
Sentence: 141,7,nogmaals,O,-,-
Sentence: 141,8,hun,I-expression,pos,-
Sentence: 141,9,voorkeur,I-expression,pos,-
Sentence: 141,10,uit,I-expression,pos,-
Sentence: 141,11,:,I-expression,pos,-
Sentence: 141,12,er,I-expression,pos,-
Sentence: 141,13,moet,I-expression,pos,-
Sentence: 141,14,een,B-target,-,6
Sentence: 141,15,kerncentrale,I-target,-,6
Sentence: 141,16,komen,I-expression,pos,-
Sentence: 141,17,om,O,-,-
Sentence: 141,18,de,O,-,-
Sentence: 141,19,klimaatdoelstellingen,O,-,-
Sentence: 141,20,te,O,-,-
Sentence: 141,21,halen,O,-,-
Sentence: 141,22,.,O,-,-
Sentence: 142,1,Met,O,-,-
Sentence: 142,2,een,O,-,-
Sentence: 142,3,speciale,O,-,-
Sentence: 142,4,informatieavond,O,-,-
Sentence: 142,5,op,O,-,-
Sentence: 142,6,17,O,-,-
Sentence: 142,7,maart,O,-,-
Sentence: 142,8,wil,B-expression,neg,-
Sentence: 142,9,Koolhuis,B-holder,-,8
Sentence: 142,10,het,B-target,-,8
Sentence: 142,11,nepnieuws,I-target,-,8
Sentence: 142,12,rondom,I-target,-,8
Sentence: 142,13,kernenergie,I-target,-,8
Sentence: 142,14,de,I-expression,neg,-
Sentence: 142,15,wereld,I-expression,neg,-
Sentence: 142,16,uit,I-expression,neg,-
Sentence: 142,17,helpen,I-expression,neg,-
Sentence: 142,18,.,O,-,-
Sentence: 143,1,Koolhaas,B-holder,-,2
Sentence: 143,2,is,B-expression,pos,-
Sentence: 143,3,er,I-expression,pos,-
Sentence: 143,4,heilig,I-expression,pos,-
Sentence: 143,5,van,I-expression,pos,-
Sentence: 143,6,overtuigd,I-expression,pos,-
Sentence: 143,7,dat,I-expression,pos,-
Sentence: 143,8,de,B-target,-,2
Sentence: 143,9,komst,I-target,-,2
Sentence: 143,10,van,I-target,-,2
Sentence: 143,11,een,I-target,-,2
Sentence: 143,12,kerncentrale,I-target,-,2
Sentence: 143,13,in,I-target,-,2
Sentence: 143,14,Nederland,I-target,-,2
Sentence: 143,15,",",O,-,-
Sentence: 143,16,misschien,O,-,-
Sentence: 143,17,wel,O,-,-
Sentence: 143,18,in,O,-,-
Sentence: 143,19,Overijssel,O,-,-
Sentence: 143,20,",",O,-,-
Sentence: 143,21,noodzakelijk,I-expression,pos,-
Sentence: 143,22,is,I-expression,pos,-
Sentence: 143,23,.,O,-,-
Sentence: 144,1,Een,B-target,-,5
Sentence: 144,2,kerncentrale,I-target,-,5
Sentence: 144,3,is,O,-,-
Sentence: 144,4,dan,O,-,-
Sentence: 144,5,misschien,B-expression,pos,-
Sentence: 144,6,wel,I-expression,pos,-
Sentence: 144,7,een,I-expression,pos,-
Sentence: 144,8,goede,I-expression,pos,-
Sentence: 144,9,optie,I-expression,pos,-
Sentence: 144,10,.,O,-,-
Sentence: 145,1,Hij,O,-,-
Sentence: 145,2,doelt,O,-,-
Sentence: 145,3,daarmee,O,-,-
Sentence: 145,4,op,O,-,-
Sentence: 145,5,de,B-expression,pos,-
Sentence: 145,6,ambitie,I-expression,pos,-
Sentence: 145,7,om,O,-,-
Sentence: 145,8,in,B-target,-,5
Sentence: 145,9,2025,I-target,-,5
Sentence: 145,10,in,I-target,-,5
Sentence: 145,11,Zwolle,I-target,-,5
Sentence: 145,12,ruim,I-target,-,5
Sentence: 145,13,25,I-target,-,5
Sentence: 145,14,procent,I-target,-,5
Sentence: 145,15,duurzame,I-target,-,5
Sentence: 145,16,energie,I-target,-,5
Sentence: 145,17,op,I-target,-,5
Sentence: 145,18,te,I-target,-,5
Sentence: 145,19,wekken,I-target,-,5
Sentence: 145,20,.,O,-,-
Sentence: 146,1,Duitsland,B-holder,-,2
Sentence: 146,2,wil,B-expression,neg,-
Sentence: 146,3,de,I-expression,neg,-
Sentence: 146,4,toekomst,I-expression,neg,-
Sentence: 146,5,in,I-expression,neg,-
Sentence: 146,6,zonder,I-expression,neg,-
Sentence: 146,7,kolen,B-target,-,2
Sentence: 146,8,en,O,-,-
Sentence: 146,9,kernenergie,B-target,-,2
Sentence: 146,10,.,O,-,-
Sentence: 147,1,Hij,B-holder,-,2
Sentence: 147,2,maakte,B-expression,pos,-
Sentence: 147,3,zich,I-expression,pos,-
Sentence: 147,4,de,O,-,-
Sentence: 147,5,afgelopen,O,-,-
Sentence: 147,6,jaren,O,-,-
Sentence: 147,7,hard,I-expression,pos,-
Sentence: 147,8,voor,I-expression,pos,-
Sentence: 147,9,het,I-expression,pos,-
Sentence: 147,10,openen,I-expression,pos,-
Sentence: 147,11,van,I-expression,pos,-
Sentence: 147,12,de,B-target,-,2
Sentence: 147,13,nieuwe,I-target,-,2
Sentence: 147,14,kolencentrale,I-target,-,2
Sentence: 147,15,Datteln,I-target,-,2
Sentence: 147,16,in,I-target,-,2
Sentence: 147,17,het,I-target,-,2
Sentence: 147,18,Ruhrgebied,I-target,-,2
Sentence: 147,19,",",O,-,-
Sentence: 147,20,ondanks,O,-,-
Sentence: 147,21,het,B-expression,neg,-
Sentence: 147,22,afscheid,I-expression,neg,-
Sentence: 147,23,op,O,-,-
Sentence: 147,24,de,O,-,-
Sentence: 147,25,lange,O,-,-
Sentence: 147,26,termijn,O,-,-
Sentence: 147,27,van,I-expression,neg,-
Sentence: 147,28,kolen,B-target,-,21
Sentence: 147,29,in,I-target,-,21
Sentence: 147,30,Duitsland,I-target,-,21
Sentence: 147,31,.,O,-,-
Sentence: 148,1,Laschet,B-holder,-,7
Sentence: 148,2,staat,O,-,-
Sentence: 148,3,wat,O,-,-
Sentence: 148,4,hem,O,-,-
Sentence: 148,5,betreft,O,-,-
Sentence: 148,6,voor,O,-,-
Sentence: 148,7,het,B-expression,neg,-
Sentence: 148,8,‘,I-expression,neg,-
Sentence: 148,9,torpederen,I-expression,neg,-
Sentence: 148,10,’,I-expression,neg,-
Sentence: 148,11,van,I-expression,neg,-
Sentence: 148,12,de,B-target,-,7
Sentence: 148,13,energietransitie,I-target,-,7
Sentence: 148,14,.,O,-,-
Sentence: 149,1,Zowel,B-holder,-,6
Sentence: 149,2,coalitie,I-holder,-,6
Sentence: 149,3,-,I-holder,-,6
Sentence: 149,4,als,I-holder,-,6
Sentence: 149,5,regeringspartijen,I-holder,-,6
Sentence: 149,6,waren,B-expression,neg,-
Sentence: 149,7,vervolgens,O,-,-
Sentence: 149,8,bang,I-expression,neg,-
Sentence: 149,9,dat,I-expression,neg,-
Sentence: 149,10,de,B-target,-,6
Sentence: 149,11,hele,I-target,-,6
Sentence: 149,12,doorrekening,I-target,-,6
Sentence: 149,13,van,I-target,-,6
Sentence: 149,14,het,I-target,-,6
Sentence: 149,15,klimaatakkoord,I-target,-,6
Sentence: 149,16,niet,I-expression,neg,-
Sentence: 149,17,zou,I-expression,neg,-
Sentence: 149,18,deugen,I-expression,neg,-
Sentence: 149,19,.,O,-,-
Sentence: 150,1,In,O,-,-
Sentence: 150,2,Groningen,O,-,-
Sentence: 150,3,en,O,-,-
Sentence: 150,4,Drenthe,O,-,-
Sentence: 150,5,ontstond,B-expression,neg,-
Sentence: 150,6,de,O,-,-
Sentence: 150,7,afgelopen,O,-,-
Sentence: 150,8,jaren,O,-,-
Sentence: 150,9,fel,I-expression,neg,-
Sentence: 150,10,burgerprotest,I-expression,neg,-
Sentence: 150,11,tegen,I-expression,neg,-
Sentence: 150,12,grootschalige,B-target,-,5
Sentence: 150,13,windparken,I-target,-,5
Sentence: 150,14,.,O,-,-
Sentence: 73,1,Berkhout,B-holder,-,"5,20"
Sentence: 73,2,en,O,-,-
Sentence: 73,3,zijn,B-holder,-,"5,20"
Sentence: 73,4,medestanders,I-holder,-,"5,20"
Sentence: 73,5,trekken,B-expression,neg,-
Sentence: 73,6,gangbare,B-target,-,5
Sentence: 73,7,klimaatmodellen,I-target,-,5
Sentence: 73,8,",",O,-,-
Sentence: 73,9,onder,O,-,-
Sentence: 73,10,meer,O,-,-
Sentence: 73,11,over,O,-,-
Sentence: 73,12,rol,O,-,-
Sentence: 73,13,en,O,-,-
Sentence: 73,14,invloed,O,-,-
Sentence: 73,15,van,O,-,-
Sentence: 73,16,CO2,O,-,-
Sentence: 73,17,in,I-expression,neg,-
Sentence: 73,18,twijfel,I-expression,neg,-
Sentence: 73,19,maar,O,-,-
Sentence: 73,20,juichen,B-expression,pos,-
Sentence: 73,21,kernenergie,B-target,-,20
Sentence: 73,22,toe,I-expression,pos,-
Sentence: 73,23,.,O,-,-
Sentence: 84,1,Alfen,B-holder,-,"2,11"
Sentence: 84,2,speelt,B-expression,pos,-
Sentence: 84,3,een,I-expression,pos,-
Sentence: 84,4,duidelijke,I-expression,pos,-
Sentence: 84,5,rol,I-expression,pos,-
Sentence: 84,6,in,I-expression,pos,-
Sentence: 84,7,de,B-target,-,2
Sentence: 84,8,energietransitie,I-target,-,2
Sentence: 84,9,",",O,-,-
Sentence: 84,10,en,O,-,-
Sentence: 84,11,werkt,B-expression,pos,-
Sentence: 84,12,aan,I-expression,pos,-
Sentence: 84,13,verbetering,I-expression,pos,-
Sentence: 84,14,van,I-expression,pos,-
Sentence: 84,15,het,B-target,-,11
Sentence: 84,16,elektriciteitsnetwerk,I-target,-,11
Sentence: 84,17,.,O,-,-
Sentence: 119,1,Binnen,O,-,-
Sentence: 119,2,mum,O,-,-
Sentence: 119,3,van,O,-,-
Sentence: 119,4,tijd,O,-,-
Sentence: 119,5,gaat,O,-,-
Sentence: 119,6,het,O,-,-
Sentence: 119,7,niet,O,-,-
Sentence: 119,8,meer,O,-,-
Sentence: 119,9,over,O,-,-
Sentence: 119,10,je,O,-,-
Sentence: 119,11,auto,O,-,-
Sentence: 119,12,",",O,-,-
Sentence: 119,13,want,O,-,-
Sentence: 119,14,iemand,B-holder,-,"15,20,26"
Sentence: 119,15,heeft,B-expression,neg,-
Sentence: 119,16,boos,I-expression,neg,-
Sentence: 119,17,gereageerd,I-expression,neg,-
Sentence: 119,18,dat,O,-,-
Sentence: 119,19,waterstof,B-target,-,20
Sentence: 119,20,de,B-expression,pos,-
Sentence: 119,21,toekomst,I-expression,pos,-
Sentence: 119,22,is,O,-,-
Sentence: 119,23,en,O,-,-
Sentence: 119,24,batterijen,B-target,-,26
Sentence: 119,25,‘,O,-,-
Sentence: 119,26,zeer,B-expression,neg,-
Sentence: 119,27,vervuilend,I-expression,neg,-
Sentence: 119,28,’,O,-,-
Sentence: 119,29,zijn,O,-,-
Sentence: 119,30,.,O,-,-